"name","skewness","kurtosis","entropy","sd","filename"
"DF_ANG_VX1",-0.064693395536511,-0.723618787073849,5.99205222815653,4.33484755261675,"DF_ANG_VX1"
"DF_ANG_VX10c",0.438050342221445,-0.389961873299241,6.64840116338147,3.33044024230053,"DF_ANG_VX10c"
"DF_ANG_VX11a",-0.153946982357666,-0.72134058202162,6.68025172221314,4.17189557587102,"DF_ANG_VX11a"
"DF_ANG_VX12",0.895360884378719,0.778983222824403,6.69901035315141,2.92238726654424,"DF_ANG_VX12"
"DF_ANG_VX13a",-0.214547368550326,0.302227042552,6.92528941356251,6.07059904922357,"DF_ANG_VX13a"
"DF_ANG_VX14",0.223766050461163,-0.206596583033835,6.40450726503392,4.85195651441799,"DF_ANG_VX14"
"DF_ANG_VX15",0.435707905457514,-0.362826005710063,6.27888064028344,3.72025853337857,"DF_ANG_VX15"
"DF_ANG_VX16a",-0.525948499801384,-0.563543943456671,6.07589566467109,7.627957552537,"DF_ANG_VX16a"
"DF_ANG_VX17",0.123886097124878,-0.606268040193098,6.17854073422307,5.22900842844841,"DF_ANG_VX17"
"DF_ANG_VX18",-0.234584072382031,-0.804861658489367,5.88757265333474,4.50344971293084,"DF_ANG_VX18"
"DF_ANG_VX19b",-0.101240207593155,-0.355093776980172,6.68352950414937,5.59187253145685,"DF_ANG_VX19b"
"DF_ANG_VX20a",-1.16207954054828,2.29786432071621,6.74641533046623,3.82915214487752,"DF_ANG_VX20a"
"DF_ANG_VX21b",-0.30723677072722,-0.143739471848704,6.38871851834344,5.01326707726306,"DF_ANG_VX21b"
"DF_ANG_VX22a",0.0135214001729397,-0.709574835151925,6.46945628751786,5.61245081026764,"DF_ANG_VX22a"
"DF_ANG_VX23",-0.289082230847583,-0.427143180290903,6.55716791601706,4.19087673726661,"DF_ANG_VX23"
"DF_ANG_VX24",0.1692235111854,-0.704130012461215,6.29860277531193,4.55948113633466,"DF_ANG_VX24"
"DF_ANG_VX25a",0.172524886122892,-0.152655110082258,6.69599434079749,4.34923560214004,"DF_ANG_VX25a"
"DF_ANG_VX26c",0.280770688701435,-0.150550650466238,6.94137700190599,4.24659423466331,"DF_ANG_VX26c"
"DF_ANG_VX27a",0.390232041730672,-0.193014112320524,6.68585191107376,3.33662000774646,"DF_ANG_VX27a"
"DF_ANG_VX28",0.146330653890426,-1.09703744086572,6.33044737027858,4.80928876704562,"DF_ANG_VX28"
"DF_ANG_VX29",0.225360947461689,-0.92676185231004,6.28242809277936,4.7413646740793,"DF_ANG_VX29"
"DF_ANG_VX2d",-1.07461187870302,1.758883860102,6.88964969856543,3.88265035792016,"DF_ANG_VX2d"
"DF_ANG_VX30a",0.0700148682035603,-0.75435934102004,6.34127356550776,4.62116654113975,"DF_ANG_VX30a"
"DF_ANG_VX3b",-0.303446627444362,-0.0474301174306619,6.21229429222913,4.08725867179517,"DF_ANG_VX3b"
"DF_ANG_VX4",0.495071781644257,-0.472038915846151,6.25817157291877,4.89174641466651,"DF_ANG_VX4"
"DF_ANG_VX5",-0.177951958020005,0.60589334809011,7.24719448387707,5.18072735696649,"DF_ANG_VX5"
"DF_ANG_VX6",0.718112541570987,0.223390775433887,6.6432851395605,3.94972892359932,"DF_ANG_VX6"
"DF_ANG_VX7",-1.16610411533855,0.548452992443077,6.19362858248602,6.21315847183202,"DF_ANG_VX7"
"DF_ANG_VX8a",0.178630757365423,-0.763294547624476,6.48842690325196,4.50647117785407,"DF_ANG_VX8a"
"DF_ANG_VX9a",-0.619971715776232,0.618881921296404,7.1165104735477,3.74586772251604,"DF_ANG_VX9a"
"DF_DIS_VX1",-0.783879660270589,1.26301386039479,6.46173344595385,2.25155278503084,"DF_DIS_VX1"
"DF_DIS_VX10",-1.19144389786113,0.53310056434856,6.66641566449444,2.91584742058742,"DF_DIS_VX10"
"DF_DIS_VX11",-0.706412702406254,1.66067058694696,6.50058148702785,2.76597634871168,"DF_DIS_VX11"
"DF_DIS_VX12b",-0.940461025070665,-0.0876601661976216,6.75095108427673,3.77883024350643,"DF_DIS_VX12b"
"DF_DIS_VX13b",-1.1499409781758,1.28464896870507,7.12827994276962,3.63569404471773,"DF_DIS_VX13b"
"DF_DIS_VX14",0.919381098617796,1.77592547993384,6.45652638109104,3.29872217797036,"DF_DIS_VX14"
"DF_DIS_VX15",-1.22703242664885,0.583786333786779,6.59148490923866,3.75637683587657,"DF_DIS_VX15"
"DF_DIS_VX16a",-0.799220906006678,0.582930242561667,6.71068153170922,3.47697236649746,"DF_DIS_VX16a"
"DF_DIS_VX17",-0.195658879028055,0.0671684092007258,6.32880444863124,2.20684349992847,"DF_DIS_VX17"
"DF_DIS_VX18a",-0.551057637155099,-0.640689743743871,6.75046084922799,3.11792411897386,"DF_DIS_VX18a"
"DF_DIS_VX19a",-0.346329161080736,0.871320233901934,6.84443884678134,3.10532073171773,"DF_DIS_VX19a"
"DF_DIS_VX20",-0.766503079049155,0.538087206149341,7.29372269407482,2.42401237141897,"DF_DIS_VX20"
"DF_DIS_VX21",-1.32679287587156,0.888417089052834,6.44998719041785,3.61079926096042,"DF_DIS_VX21"
"DF_DIS_VX22a",-1.08051807753021,0.43484884249209,6.68106886862555,3.14398056204673,"DF_DIS_VX22a"
"DF_DIS_VX23c",-1.74041585460652,2.3240214967068,6.92826861267362,3.35716403916031,"DF_DIS_VX23c"
"DF_DIS_VX24b",-1.01758435242978,1.95533177491384,6.96368395542754,3.22329325764954,"DF_DIS_VX24b"
"DF_DIS_VX25",-0.29781806810554,0.0202664172705463,7.28247392753578,3.19910905941254,"DF_DIS_VX25"
"DF_DIS_VX26a",-0.989761157717172,0.250830054506149,6.99730127097937,3.02292805794096,"DF_DIS_VX26a"
"DF_DIS_VX27",-0.640681277104335,-0.123999242950093,7.18690943985905,3.62794161813368,"DF_DIS_VX27"
"DF_DIS_VX28",-1.98211155216821,4.73559770335983,6.53258044712973,2.56607586023317,"DF_DIS_VX28"
"DF_DIS_VX29",-0.923674994779004,1.17646845007489,7.04037237239395,4.05058632983477,"DF_DIS_VX29"
"DF_DIS_VX2b",-1.09972785230509,1.36522967222823,6.66916696531104,2.63843636455293,"DF_DIS_VX2b"
"DF_DIS_VX30",0.828019563903316,1.98698846788847,6.38146542975637,1.52126169480049,"DF_DIS_VX30"
"DF_DIS_VX3a",-0.0671321200846643,-0.726182122690584,6.19280427535858,3.04472876859637,"DF_DIS_VX3a"
"DF_DIS_VX4b",-2.61180118325793,7.11063863529333,6.88251156406932,2.63617068389771,"DF_DIS_VX4b"
"DF_DIS_VX5",-0.788811713377276,1.5187375730363,7.8731539740379,2.57208529945495,"DF_DIS_VX5"
"DF_DIS_VX6a",-1.23677428252169,2.0695239217111,6.85966751546437,2.96495288430938,"DF_DIS_VX6a"
"DF_DIS_VX7a",-0.04155344105938,-1.18636792732897,6.4178943851733,3.89359950609197,"DF_DIS_VX7a"
"DF_DIS_VX8a",-0.659963317194146,-0.323261820529762,6.7705401967877,3.419094481257,"DF_DIS_VX8a"
"DF_DIS_VX9",-1.27644855658153,1.58106938698501,7.44657742197993,3.22507288957134,"DF_DIS_VX9"
"DF_FER_VX10a",0.0623294252966903,-0.309371698659814,6.54972809715436,1.80091174346763,"DF_FER_VX10a"
"DF_FER_VX11",-0.762504906654031,-0.140546907222787,6.34769721377042,2.54656515365095,"DF_FER_VX11"
"DF_FER_VX12a",-0.485558451755121,-0.0982903653177461,6.43577326056114,2.27714581961159,"DF_FER_VX12a"
"DF_FER_VX13a",-1.95912122356149,5.76185744605246,6.46800595398909,2.3900639558779,"DF_FER_VX13a"
"DF_FER_VX14",-0.839176197506741,1.41262005434781,6.2233507583232,2.05329931268563,"DF_FER_VX14"
"DF_FER_VX15",-0.455113495279352,-0.544794234860065,6.58503518342053,2.99187465853019,"DF_FER_VX15"
"DF_FER_VX16b",-0.0957747119853468,-0.422364473190768,6.16035487147987,2.15629534129747,"DF_FER_VX16b"
"DF_FER_VX17",-0.539557573434128,-0.707020420975288,6.11976572049337,2.61055300885547,"DF_FER_VX17"
"DF_FER_VX18a",-0.704384883123457,-0.0496955548477584,6.34476354343322,3.05253683940429,"DF_FER_VX18a"
"DF_FER_VX19",-1.21958675100169,1.65261382000747,6.34650406200664,2.75346655545944,"DF_FER_VX19"
"DF_FER_VX1b",-0.129643718127343,-0.261114471826697,6.13944718978751,2.62732890408757,"DF_FER_VX1b"
"DF_FER_VX20b",0.0849332736462328,0.704869625041765,6.5896674584739,2.28254645625171,"DF_FER_VX20b"
"DF_FER_VX21a",-0.195256485125738,0.00903864706127441,6.29880721554478,1.70530600305746,"DF_FER_VX21a"
"DF_FER_VX22",-0.894579402473104,0.311756791982102,6.23414787152733,2.80283281567604,"DF_FER_VX22"
"DF_FER_VX23a",0.0636395304290805,-0.465009943978474,6.45556921045648,1.44606423178239,"DF_FER_VX23a"
"DF_FER_VX24a",0.000299862107555407,-0.30249302380482,6.61050422729807,1.45062831995594,"DF_FER_VX24a"
"DF_FER_VX25",-0.80562284717238,0.297116909328011,6.46616631430111,2.29848516329617,"DF_FER_VX25"
"DF_FER_VX26",-0.416052548803067,-0.0857890717423396,6.35194755439373,1.93439453124071,"DF_FER_VX26"
"DF_FER_VX27b",-1.43053855208753,2.30592285218996,6.60865165041062,2.11719418352537,"DF_FER_VX27b"
"DF_FER_VX28c",-0.656395768842262,-0.297883486332318,6.35099890387046,2.1817758044513,"DF_FER_VX28c"
"DF_FER_VX29",-1.14429506925203,1.77724482284473,6.48016992996353,2.80916803138494,"DF_FER_VX29"
"DF_FER_VX2a",-1.11435399639378,0.25362286576073,6.72600204663369,3.30214390735576,"DF_FER_VX2a"
"DF_FER_VX30a",-0.188898105964612,-0.275408135175634,6.51687286664026,2.04542957672684,"DF_FER_VX30a"
"DF_FER_VX3a",-0.910951539663458,0.308686229126362,5.84861989287364,2.58094779693407,"DF_FER_VX3a"
"DF_FER_VX4a",-0.987903913213717,0.149922793858006,6.4479256472601,2.62939552932038,"DF_FER_VX4a"
"DF_FER_VX5",0.175683450626522,-0.475832544474351,7.1113995965273,2.26242475772184,"DF_FER_VX5"
"DF_FER_VX6b",-0.471866893072187,-0.275673709805081,6.34437712549318,2.81459032455548,"DF_FER_VX6b"
"DF_FER_VX7a",-0.5298663442884,-0.677616113707378,6.2485483772329,3.30252675383385,"DF_FER_VX7a"
"DF_FER_VX8a",-0.576767481323805,-0.394380951844734,6.37168594502065,3.29247705274936,"DF_FER_VX8a"
"DF_FER_VX9a",-0.727743566413584,0.415730486172303,6.71223548253355,3.19776266118715,"DF_FER_VX9a"
"DF_HAP_VX10b",0.0970830308185422,-0.141818576194832,6.87008408239752,1.72591046722568,"DF_HAP_VX10b"
"DF_HAP_VX11b",-0.111986483382412,-0.880868856392974,6.7718355526993,3.1697948824241,"DF_HAP_VX11b"
"DF_HAP_VX12",-0.0876775126796203,-1.02353193676744,6.65133018088809,2.90713792798165,"DF_HAP_VX12"
"DF_HAP_VX13a",-0.213618778501606,-1.43322408775922,6.70472153000824,3.08805372612248,"DF_HAP_VX13a"
"DF_HAP_VX14a",-1.6625209823667,2.7227264714383,6.53737524767967,2.34857131799073,"DF_HAP_VX14a"
"DF_HAP_VX15a",-0.241011342519712,-0.979185816662027,6.44601446967936,2.41207542581676,"DF_HAP_VX15a"
"DF_HAP_VX16a",0.360317415447483,-0.181036818114627,6.34742728123782,2.31536806706879,"DF_HAP_VX16a"
"DF_HAP_VX17",-0.282997646930772,-0.721768118451951,6.51026230701054,2.77849700291237,"DF_HAP_VX17"
"DF_HAP_VX18b",0.169551660077665,-1.46169604340752,6.04471191413848,3.12101897371967,"DF_HAP_VX18b"
"DF_HAP_VX19a",0.348813240899175,-1.09175048535739,6.67005902057457,2.5111605348627,"DF_HAP_VX19a"
"DF_HAP_VX1c",-0.605051651691544,1.25170447111663,6.0362176458619,2.49835106886995,"DF_HAP_VX1c"
"DF_HAP_VX20a",0.346306013949794,-0.0697955242090346,6.75835033859432,2.14144668580488,"DF_HAP_VX20a"
"DF_HAP_VX21a",0.151709609697279,0.921476622692728,6.61786207934312,1.60737482064646,"DF_HAP_VX21a"
"DF_HAP_VX22a",-0.152210235554493,-0.936418831463549,6.63598310409155,2.36671555962518,"DF_HAP_VX22a"
"DF_HAP_VX23b",-0.917017288330166,-0.694209650933989,6.66898223890699,2.99346376632452,"DF_HAP_VX23b"
"DF_HAP_VX24b",0.150793204167433,-0.770113867759579,6.97282475999301,2.5126210544974,"DF_HAP_VX24b"
"DF_HAP_VX25",0.129416801988801,-1.3058959706361,6.67642221201037,2.38607227539072,"DF_HAP_VX25"
"DF_HAP_VX26a",0.0810013500017235,-1.0513967754953,6.83071460156866,2.51375305252416,"DF_HAP_VX26a"
"DF_HAP_VX27b",-0.433614951456029,-1.14634528728799,6.77902008013884,2.86591922412499,"DF_HAP_VX27b"
"DF_HAP_VX28",-0.590206137791253,-0.579841722879283,6.57532784160758,2.39998078913595,"DF_HAP_VX28"
"DF_HAP_VX29",-0.271495729094742,-0.798650365906867,6.78474496810969,2.75800791715501,"DF_HAP_VX29"
"DF_HAP_VX2a",-0.757817686338812,-0.219913275555555,6.50014341685872,2.09719451512051,"DF_HAP_VX2a"
"DF_HAP_VX30",0.0140906923152255,-0.741539383290935,6.6398860825942,2.05679207124056,"DF_HAP_VX30"
"DF_HAP_VX3b",-0.33678509152864,-0.596553222724771,6.49343190435394,2.87194484802659,"DF_HAP_VX3b"
"DF_HAP_VX4b",0.0673552565944565,-0.560725802625691,6.83784310106779,3.04733447484624,"DF_HAP_VX4b"
"DF_HAP_VX5b",-0.181799849537786,-1.21442019749655,7.2047218976719,3.14336943429041,"DF_HAP_VX5b"
"DF_HAP_VX6a",-0.312239363442084,-0.853333712856233,6.98066873501897,3.35593842815887,"DF_HAP_VX6a"
"DF_HAP_VX7a",0.0412352559857169,-1.17506839567716,6.58229610566447,2.61706475906706,"DF_HAP_VX7a"
"DF_HAP_VX8b",-0.0342857294469936,-0.637141925227279,6.71001443617493,2.46218803895565,"DF_HAP_VX8b"
"DF_HAP_VX9c",-0.503526347407856,-0.575376399889407,7.09584167740898,2.78700357152701,"DF_HAP_VX9c"
"DF_NEU_VX10a",-0.0991113839082855,0.851846323254359,6.59323184220039,1.63975562770116,"DF_NEU_VX10a"
"DF_NEU_VX11g",0.261097421836704,-0.521217045973335,6.2736704131303,2.14799623374514,"DF_NEU_VX11g"
"DF_NEU_VX12c",0.584588957553139,0.253114440523696,6.46847371509937,1.7834228097464,"DF_NEU_VX12c"
"DF_NEU_VX13b",-0.708421908255759,0.0660226931570127,6.5194114113131,1.48037175726815,"DF_NEU_VX13b"
"DF_NEU_VX14",-0.231859519599579,-0.696399616245324,6.2630109591929,1.6372698829918,"DF_NEU_VX14"
"DF_NEU_VX15",-0.0544341867211297,-0.490263576718574,6.40429992439218,2.24521707942309,"DF_NEU_VX15"
"DF_NEU_VX16",-0.239836091689176,-0.70836519977159,6.39921151218253,2.27033025641028,"DF_NEU_VX16"
"DF_NEU_VX17",-0.243903418594248,-0.843823153520267,6.28470935100317,2.0253931440783,"DF_NEU_VX17"
"DF_NEU_VX18",0.0918434837081823,-1.26345847214611,6.0656147281491,2.36865250241361,"DF_NEU_VX18"
"DF_NEU_VX19b",-0.132274987393411,-1.03277671708858,6.25563785638091,1.80384868977275,"DF_NEU_VX19b"
"DF_NEU_VX1c",-0.0412071509434495,1.75552097347078,5.57594769093831,1.2863387684722,"DF_NEU_VX1c"
"DF_NEU_VX20d",-0.358503256593971,-0.129167398308528,6.51033245465458,1.93803763206137,"DF_NEU_VX20d"
"DF_NEU_VX21",-0.0888543502774158,-0.707957537254375,6.37566813841088,1.59829845079916,"DF_NEU_VX21"
"DF_NEU_VX22",-0.771070600707292,0.150015177043178,6.41718489778144,1.84169715955199,"DF_NEU_VX22"
"DF_NEU_VX23",-0.828133987116849,-0.199334283286883,6.58400881124879,1.45552316869142,"DF_NEU_VX23"
"DF_NEU_VX24b",0.381113830654762,-0.378414121084107,6.37450039908335,1.38117323294334,"DF_NEU_VX24b"
"DF_NEU_VX25",0.281867078939508,-0.757449300796805,6.59490497522298,1.5588629274603,"DF_NEU_VX25"
"DF_NEU_VX26a",-0.497236531351965,-0.714682459903966,6.59410461722818,1.54188135011352,"DF_NEU_VX26a"
"DF_NEU_VX27",-0.144501780466374,-0.355623713883098,6.77452511123268,1.64529420337221,"DF_NEU_VX27"
"DF_NEU_VX28a",-0.019194121762694,-0.0448185137713944,6.48766092990125,1.48859983431965,"DF_NEU_VX28a"
"DF_NEU_VX29a",-0.666591517839424,0.0499868159162362,6.48700611643503,1.5333754739454,"DF_NEU_VX29a"
"DF_NEU_VX2k",-0.241329050718532,-1.13386824708746,6.43067743061708,2.11954149561149,"DF_NEU_VX2k"
"DF_NEU_VX3",-0.177557922365145,-1.24086055753696,5.98377060957224,1.45736657575839,"DF_NEU_VX3"
"DF_NEU_VX30",-0.150323727162857,-0.300985546353813,6.47069603726912,1.62604634557545,"DF_NEU_VX30"
"DF_NEU_VX4c",-0.149611881195732,-1.14584238752453,6.38379243001227,1.87482386941592,"DF_NEU_VX4c"
"DF_NEU_VX5",0.344489266971139,-0.697875269713912,7.29298682266503,1.76957762726649,"DF_NEU_VX5"
"DF_NEU_VX6c",-0.269438884317971,-1.08498506566077,6.47945612194344,2.05436154055294,"DF_NEU_VX6c"
"DF_NEU_VX7c",0.332568329825535,-0.977900921920161,6.15173692027469,2.18471611760992,"DF_NEU_VX7c"
"DF_NEU_VX8",-0.0983894411331772,-1.29331762311575,6.42865590631009,2.05861118145225,"DF_NEU_VX8"
"DF_NEU_VX9",0.00770431308264063,-0.343694511078939,6.63810297051242,1.71288646734157,"DF_NEU_VX9"
"DF_SAD_VX10a",-0.979914652771074,1.22097326877943,6.55140963485149,2.22402928571232,"DF_SAD_VX10a"
"DF_SAD_VX11",-1.09640305957776,0.600566058678165,6.12740964762004,2.9283105996223,"DF_SAD_VX11"
"DF_SAD_VX12",-0.154105944024835,0.0624580152330886,5.92910525761955,3.42905471548294,"DF_SAD_VX12"
"DF_SAD_VX13",0.525435298374249,-0.343134956016221,6.20078770832775,2.94618998681985,"DF_SAD_VX13"
"DF_SAD_VX14a",-2.78630782704005,9.88787180384299,6.30736233891077,2.76930751368426,"DF_SAD_VX14a"
"DF_SAD_VX15b",-0.585066751096938,-0.729584203786171,5.58965221738849,2.5000858777238,"DF_SAD_VX15b"
"DF_SAD_VX16b",0.154237569333021,0.0140925584062056,5.83305894579202,1.87066448097931,"DF_SAD_VX16b"
"DF_SAD_VX17a",0.310851458575124,0.132281781594951,5.84449722598702,4.76443265450456,"DF_SAD_VX17a"
"DF_SAD_VX18a",-0.762242713394626,0.711010108480076,5.46571122820223,2.82095264638837,"DF_SAD_VX18a"
"DF_SAD_VX19a",0.394740292296718,-0.796887886738949,6.30102264611401,2.10480129222036,"DF_SAD_VX19a"
"DF_SAD_VX1a",-1.35805362231621,0.719347036484822,5.82943039462796,2.99412139155394,"DF_SAD_VX1a"
"DF_SAD_VX20a",-0.229430441513604,-0.190641778280199,6.92264889367728,2.43584837855331,"DF_SAD_VX20a"
"DF_SAD_VX21",-0.538994082844084,-0.821329092710179,5.92782861430342,2.23871579850115,"DF_SAD_VX21"
"DF_SAD_VX22b",-0.107261713397394,-1.0054921095884,6.36811646038509,2.28868509543878,"DF_SAD_VX22b"
"DF_SAD_VX23a",-0.448673169464599,-1.3357943383878,6.12762760678127,2.90369025434275,"DF_SAD_VX23a"
"DF_SAD_VX24b",0.0838842766654091,-0.973721425748391,6.34156441726864,2.41847509184077,"DF_SAD_VX24b"
"DF_SAD_VX25a",-0.221566996153053,-0.590585160363011,6.48031377425789,3.02289138190287,"DF_SAD_VX25a"
"DF_SAD_VX26",0.0237465191650886,-0.987696786897316,6.46243419721587,4.80515360612928,"DF_SAD_VX26"
"DF_SAD_VX27",-0.450061077916832,-0.966186703647514,6.29881006606003,2.6955355944716,"DF_SAD_VX27"
"DF_SAD_VX28",-0.721804346882221,2.64316224674883,6.19904426475106,3.22939284809756,"DF_SAD_VX28"
"DF_SAD_VX29a",-1.24288674023698,2.29838513332304,6.34250618318224,2.8850715735853,"DF_SAD_VX29a"
"DF_SAD_VX2a",-0.497863278052684,-0.763026595055269,6.25695135994591,3.6784408587531,"DF_SAD_VX2a"
"DF_SAD_VX30",-0.590514265536902,-0.122640730277747,5.86723390078955,2.77301354253422,"DF_SAD_VX30"
"DF_SAD_VX3a",0.683918205781044,-0.625149911521493,5.36067434359417,5.25829541925836,"DF_SAD_VX3a"
"DF_SAD_VX4",-1.1067668280756,1.24134953010621,6.70030836124264,3.90182915694578,"DF_SAD_VX4"
"DF_SAD_VX5a",0.584970531038667,0.308730528322094,7.05396312509431,1.786049184213,"DF_SAD_VX5a"
"DF_SAD_VX6",0.205502558946398,-0.924514726688965,6.75676236793047,2.30263259508204,"DF_SAD_VX6"
"DF_SAD_VX7b",-0.136214877521766,0.0177739602304589,6.06022236765511,2.44698477449042,"DF_SAD_VX7b"
"DF_SAD_VX8a",0.0421486258623469,-1.36855360262331,6.27033160149193,3.31482032855991,"DF_SAD_VX8a"
"DF_SAD_VX9c",0.0923013333347634,0.419556319782326,6.62361968080989,2.11138171298367,"DF_SAD_VX9c"
"DF_SUR_VX1",-0.532457919671118,-0.777537700214715,5.97095148825167,5.91319073401768,"DF_SUR_VX1"
"DF_SUR_VX10a",0.0711653647791541,-0.70714680581326,6.46759205223778,4.52794664925943,"DF_SUR_VX10a"
"DF_SUR_VX11a",0.0890415573531303,-0.81845602429708,6.48543280246376,4.63765532155839,"DF_SUR_VX11a"
"DF_SUR_VX12b",-0.584412118099188,-0.568091420455488,6.78313707138814,3.19970088525351,"DF_SUR_VX12b"
"DF_SUR_VX13",-0.671069340623664,-0.342011081789484,6.92865331231492,5.53262948957341,"DF_SUR_VX13"
"DF_SUR_VX14a",-0.233113632430941,-1.00368240513735,6.01817106636702,4.81308848057367,"DF_SUR_VX14a"
"DF_SUR_VX15a",0.583599269964956,-0.459206475877605,6.45280311738097,4.81820414816729,"DF_SUR_VX15a"
"DF_SUR_VX16",-0.753946376020247,0.500011249735351,6.23473052209934,5.57163557243666,"DF_SUR_VX16"
"DF_SUR_VX17",-1.52944047534848,2.78053379809587,6.30783924081352,5.69072200252651,"DF_SUR_VX17"
"DF_SUR_VX18",-0.697657947974989,-0.605152445468015,6.04222231246317,5.58951131949058,"DF_SUR_VX18"
"DF_SUR_VX19",-0.0135977411694757,-0.898695901979236,6.49616784288376,6.11470995710571,"DF_SUR_VX19"
"DF_SUR_VX2",-0.0340091773194552,-0.802469267316239,6.694089251317,5.87841758293739,"DF_SUR_VX2"
"DF_SUR_VX20b",-0.426935148451142,-1.28730340630494,6.32225825263668,4.60918456778243,"DF_SUR_VX20b"
"DF_SUR_VX21",0.159388673392786,-1.28089583769133,6.56896695048199,3.58894785042441,"DF_SUR_VX21"
"DF_SUR_VX22",-0.130248285908469,-1.13095002683859,6.2471046185531,5.79790320650878,"DF_SUR_VX22"
"DF_SUR_VX23",-0.0847391184067166,-0.602526844854821,6.3932819257151,5.47356780069995,"DF_SUR_VX23"
"DF_SUR_VX24",-0.398487182142054,0.150346888390915,6.62568072002031,4.17225278953627,"DF_SUR_VX24"
"DF_SUR_VX25",-0.384822229093336,-0.609379634647779,6.51616070216493,4.79157404492953,"DF_SUR_VX25"
"DF_SUR_VX26a",-0.320815991482215,-0.530270053013147,6.46894438322826,4.79936554620913,"DF_SUR_VX26a"
"DF_SUR_VX27",0.449000840881955,-0.065172699059124,6.93298834984911,3.08220262305632,"DF_SUR_VX27"
"DF_SUR_VX28a",-0.125269350875809,-1.15647500319536,6.3510275842517,4.97185380622341,"DF_SUR_VX28a"
"DF_SUR_VX29a",-0.345041821069038,0.859298229959889,6.35955333006547,5.58249908428338,"DF_SUR_VX29a"
"DF_SUR_VX3",-0.0834805550745888,-0.966650545069363,6.15742780116792,8.32467057792128,"DF_SUR_VX3"
"DF_SUR_VX30a",-0.274724682365391,-1.29811467462477,5.87523454834979,8.10769162991371,"DF_SUR_VX30a"
"DF_SUR_VX4",-0.749504989864075,0.106604085126787,6.4389360349663,6.09249448782177,"DF_SUR_VX4"
"DF_SUR_VX5a",-0.566861322623306,-0.307071755929761,7.38161302170219,3.59073006012518,"DF_SUR_VX5a"
"DF_SUR_VX6",-0.586627779928899,-0.935080885505218,6.10402476624596,7.92221775626228,"DF_SUR_VX6"
"DF_SUR_VX7b",-0.0208087175071569,-1.42763556651977,6.00967817743808,7.15925988971146,"DF_SUR_VX7b"
"DF_SUR_VX8a",-0.676820278080061,-0.619752506160184,6.27459765884132,8.08665123021133,"DF_SUR_VX8a"
"DF_SUR_VX9",-0.884880504581338,0.762722498744212,6.68152398985464,2.15468761501134,"DF_SUR_VX9"
"MG_ANG_VX10",0.163170029528568,-0.455602112542345,7.05356461413118,2.63043500211542,"MG_ANG_VX10"
"MG_ANG_VX11b",0.454268508336644,0.0569151423076603,6.61430787874303,2.31103951393886,"MG_ANG_VX11b"
"MG_ANG_VX12a",-0.481887817802105,-0.105226319793583,7.10430528750075,4.51406304863693,"MG_ANG_VX12a"
"MG_ANG_VX13a",-0.158769674140072,-1.21804651515119,7.12430770411729,3.3286802993502,"MG_ANG_VX13a"
"MG_ANG_VX14a",0.700340504464139,-0.578023306082168,6.38867982214898,3.16280015676721,"MG_ANG_VX14a"
"MG_ANG_VX15a",-0.193197943621455,-0.186723441598111,6.73880261029499,2.78977878164543,"MG_ANG_VX15a"
"MG_ANG_VX16a",-1.05038539412475,0.172794408888064,6.59573827096015,5.05255012520137,"MG_ANG_VX16a"
"MG_ANG_VX17",0.325701163823308,0.365128901146553,6.58530052730161,3.72839477185727,"MG_ANG_VX17"
"MG_ANG_VX18a",-0.027777588457824,-0.569057873740265,6.49586231895869,4.25167122956873,"MG_ANG_VX18a"
"MG_ANG_VX19b",-1.25278612042238,3.55426390615148,6.59108014666724,3.14571669548554,"MG_ANG_VX19b"
"MG_ANG_VX1b",-1.07685286913794,0.632840801457928,6.61984393742073,4.45391268121112,"MG_ANG_VX1b"
"MG_ANG_VX2",-0.813772905737309,0.0709096614994575,7.23654876281832,3.32579477969636,"MG_ANG_VX2"
"MG_ANG_VX20",-0.333778377014059,-0.0955928482626828,6.82314499105922,3.63274267242645,"MG_ANG_VX20"
"MG_ANG_VX21a",-0.208004399566053,-0.145606925910999,6.80085598851374,2.38070844481256,"MG_ANG_VX21a"
"MG_ANG_VX22a",-1.04145796778233,0.792806303970939,6.71105379448751,5.60428029832871,"MG_ANG_VX22a"
"MG_ANG_VX23",-0.213294160054718,-0.84347634367849,6.87208444468557,2.44272371182114,"MG_ANG_VX23"
"MG_ANG_VX24",-0.0190440616708829,-0.349049179256773,6.87143122987645,2.94974213383636,"MG_ANG_VX24"
"MG_ANG_VX25a",-0.712974348709569,0.186471995309412,6.99846996226312,2.73801830295999,"MG_ANG_VX25a"
"MG_ANG_VX26",-0.315747611513131,0.211446260160079,6.98767855640505,3.58918564109097,"MG_ANG_VX26"
"MG_ANG_VX27",-0.677971233990768,0.990190134435564,6.97501826183094,3.25497239488437,"MG_ANG_VX27"
"MG_ANG_VX28",-0.578003930043132,-0.120386199198029,6.90229042070503,2.75896010365098,"MG_ANG_VX28"
"MG_ANG_VX29a",-0.956208106259778,1.9993598375117,6.95130541675786,3.45460331292023,"MG_ANG_VX29a"
"MG_ANG_VX3",-0.312906268262293,-0.82789580464667,6.26928948809388,5.33412177618264,"MG_ANG_VX3"
"MG_ANG_VX30a",-0.37369012936495,0.654153761840617,6.52630178590429,5.24727829445958,"MG_ANG_VX30a"
"MG_ANG_VX4",0.0745145280669686,0.350370973645513,6.80564708798906,3.48689353145757,"MG_ANG_VX4"
"MG_ANG_VX5",-0.564645632508458,-0.218981158430672,7.61072342243794,4.76197514116863,"MG_ANG_VX5"
"MG_ANG_VX6a",-1.66355998033532,2.40163742325356,7.14738395175634,3.90413811753997,"MG_ANG_VX6a"
"MG_ANG_VX7a",-0.895780622180414,0.325703953961716,6.84415665393484,4.20811144775219,"MG_ANG_VX7a"
"MG_ANG_VX8",-0.0599547968250804,-0.543319924843114,6.8546803884844,3.71952166049021,"MG_ANG_VX8"
"MG_ANG_VX9b",-0.384509652914596,-0.618876236443644,7.39253653146619,5.01192985411404,"MG_ANG_VX9b"
"MG_DIS_VX10b",-0.740317561945391,0.778235618774115,7.3090703477432,2.73153817195219,"MG_DIS_VX10b"
"MG_DIS_VX11a",0.413957265317788,-0.500953982139516,6.86941374693166,3.50133869816517,"MG_DIS_VX11a"
"MG_DIS_VX12a",-0.531797836405906,0.695946856976845,6.62814140737889,2.12946991178422,"MG_DIS_VX12a"
"MG_DIS_VX13a",-0.360569029791796,-0.321330790606363,6.68603282439431,4.3703974220207,"MG_DIS_VX13a"
"MG_DIS_VX14a",1.0550935451138,0.164775031552455,6.37988080757358,4.48053461755115,"MG_DIS_VX14a"
"MG_DIS_VX15",-0.603302280649272,-0.303310213913643,6.31908187472847,2.35151589963119,"MG_DIS_VX15"
"MG_DIS_VX16a",0.0451461833337818,1.52335751906389,6.57754967464749,3.08118243165792,"MG_DIS_VX16a"
"MG_DIS_VX17a",-0.233227483966872,-0.201093474075193,6.65240649318649,3.67431714242799,"MG_DIS_VX17a"
"MG_DIS_VX18a",-0.257946576256088,-0.822554534698598,6.77397701377901,4.21353573580369,"MG_DIS_VX18a"
"MG_DIS_VX19b",-0.7282323396751,0.285625602976604,6.74166585831689,3.46526436877537,"MG_DIS_VX19b"
"MG_DIS_VX1a",-1.01258577157085,2.11078460355766,6.68734989163587,1.99369818251151,"MG_DIS_VX1a"
"MG_DIS_VX2",-1.41288411486725,1.8308047566541,7.29508867815353,3.71625730274263,"MG_DIS_VX2"
"MG_DIS_VX20a",-0.4553741517863,0.192480626968439,6.82997612179288,3.5734828200961,"MG_DIS_VX20a"
"MG_DIS_VX21a",-0.92160453436391,-0.010074649507003,6.9038303128487,3.48390865555665,"MG_DIS_VX21a"
"MG_DIS_VX22a",-1.01736075324467,1.26265607087078,6.92079792416202,4.19205099110007,"MG_DIS_VX22a"
"MG_DIS_VX23",-0.923521920408319,0.79270624290013,6.58193335621922,3.26449098444511,"MG_DIS_VX23"
"MG_DIS_VX24",-0.129073981119616,-0.508637907614501,6.51428098516903,1.75617156000623,"MG_DIS_VX24"
"MG_DIS_VX25",-1.04773847235622,0.998413643287702,7.0415271990334,3.55752825982524,"MG_DIS_VX25"
"MG_DIS_VX26",-0.155817537048606,-0.610725167874312,7.04101345344867,2.4576233212174,"MG_DIS_VX26"
"MG_DIS_VX27",0.16523291582692,-1.21316200767093,7.17528812146475,2.25075310362702,"MG_DIS_VX27"
"MG_DIS_VX28a",-0.214028898989673,0.458670986222567,6.67343907756799,2.07647247667872,"MG_DIS_VX28a"
"MG_DIS_VX29b",-0.333264414986646,-0.480115520183573,6.68359391378239,2.1427240934103,"MG_DIS_VX29b"
"MG_DIS_VX3",-0.174235992433038,-0.510554799977796,6.91425827866541,4.35261465751903,"MG_DIS_VX3"
"MG_DIS_VX30c",-0.0995832660894891,0.205934621713295,6.89249923545169,2.54691510255782,"MG_DIS_VX30c"
"MG_DIS_VX4a",-0.5710606404055,-0.0995200286287436,7.01870738465521,4.29180810968333,"MG_DIS_VX4a"
"MG_DIS_VX5a",-0.384535319387381,-0.643890113728529,7.40309305988199,3.3409027958819,"MG_DIS_VX5a"
"MG_DIS_VX6a",-1.19894393502061,1.82901763438181,7.03162884396557,2.84215855354487,"MG_DIS_VX6a"
"MG_DIS_VX7a",-0.876872883203051,0.343558050730486,6.75607958457677,3.31350739243722,"MG_DIS_VX7a"
"MG_DIS_VX8b",0.236049866641362,-0.928187926442323,7.07029332924929,3.63811364339127,"MG_DIS_VX8b"
"MG_DIS_VX9a",-0.839548116299351,0.650260376087769,7.34522419985601,2.89539656577377,"MG_DIS_VX9a"
"MG_FER_VX10",0.11845380829441,-0.861010743269167,6.54501142081933,2.56340256509538,"MG_FER_VX10"
"MG_FER_VX11b",0.2706844761403,-0.712417010557401,6.21342385685524,2.31212660581536,"MG_FER_VX11b"
"MG_FER_VX12b",-0.0605643773922559,-0.64627109169508,6.33183086858565,1.90566432569994,"MG_FER_VX12b"
"MG_FER_VX13a",-0.402968494857167,-0.517814640506038,6.41941146879309,3.38178102178952,"MG_FER_VX13a"
"MG_FER_VX14a",0.206407880499829,-0.360973804322648,6.01632311707514,1.8810273791241,"MG_FER_VX14a"
"MG_FER_VX15",0.0578369923421059,-0.374180649299922,6.07233831425683,2.827506487219,"MG_FER_VX15"
"MG_FER_VX16b",-0.257151854520173,-0.955941740484682,5.94662280605854,1.87734867556745,"MG_FER_VX16b"
"MG_FER_VX17a",-0.53068636512738,-0.488614047116169,6.43361967019685,2.7320315716574,"MG_FER_VX17a"
"MG_FER_VX18b",-0.759838580894771,-0.491974760494194,6.02723791734503,2.89849905564538,"MG_FER_VX18b"
"MG_FER_VX19",-0.0757101524317465,-0.800993804700598,6.15001324411893,3.58443342073599,"MG_FER_VX19"
"MG_FER_VX1a",-0.603174111582278,-0.603467609352551,5.91526528964989,2.66637976500516,"MG_FER_VX1a"
"MG_FER_VX20",0.558066319866162,0.749530834542799,6.44541097001103,2.39210476533631,"MG_FER_VX20"
"MG_FER_VX21",0.674663033741593,-0.0791880172703642,6.2307587599256,2.8660335710882,"MG_FER_VX21"
"MG_FER_VX22",-0.610641910530614,-0.696001371408999,6.05394691829002,2.72035014289674,"MG_FER_VX22"
"MG_FER_VX23",-1.12282887183427,0.369807591042508,6.37791686962688,2.83532610406122,"MG_FER_VX23"
"MG_FER_VX24b",0.0638227298732181,-0.141715758329246,6.33168793588993,2.26577406560061,"MG_FER_VX24b"
"MG_FER_VX25",0.635684611720252,1.42850806654273,6.0910734471745,2.59918042502904,"MG_FER_VX25"
"MG_FER_VX26a",0.24306386426709,-0.714092780783976,6.38079362449956,2.08254165043024,"MG_FER_VX26a"
"MG_FER_VX27b",-0.265708754182411,-0.722686903033249,6.55749631516471,2.94447742058695,"MG_FER_VX27b"
"MG_FER_VX28",-0.594700868417105,-0.422110409188754,5.98641533115186,2.50188739167687,"MG_FER_VX28"
"MG_FER_VX29a",-0.155100865416641,-0.74602751030612,6.22374242411883,1.60478767158217,"MG_FER_VX29a"
"MG_FER_VX2a",0.089759826342498,-1.28869527204266,6.16549605825046,1.24550059634767,"MG_FER_VX2a"
"MG_FER_VX3",-0.269795504495451,-0.459419644273176,5.85002596787867,1.92818299277094,"MG_FER_VX3"
"MG_FER_VX30a",-1.02927361193213,-0.00553415623219795,5.93464719071296,2.81477058788483,"MG_FER_VX30a"
"MG_FER_VX4",0.504071759863839,1.38096090692555,6.16499180230774,1.4798403136764,"MG_FER_VX4"
"MG_FER_VX5a",0.181254853574244,-1.25953330591395,7.08197706265521,2.50957300050874,"MG_FER_VX5a"
"MG_FER_VX6a",1.27593687413574,1.38629827144084,6.23446584869849,2.50757653752415,"MG_FER_VX6a"
"MG_FER_VX7a",-0.261542925590967,-1.05017260392986,6.14257259658142,1.70069125562452,"MG_FER_VX7a"
"MG_FER_VX8",0.219614535502839,-1.13208059564553,6.19700264135601,2.44905550739041,"MG_FER_VX8"
"MG_FER_VX9c",0.237850460872033,0.217229756027363,6.53185271019927,2.05018358753016,"MG_FER_VX9c"
"MG_HAP_VX10a",0.151734521259589,-1.35491923062592,6.81810683437145,4.07798577642645,"MG_HAP_VX10a"
"MG_HAP_VX11a",0.510989850725331,-0.957529740978793,6.19788974655629,4.31067484111671,"MG_HAP_VX11a"
"MG_HAP_VX12",0.568251322069913,-0.244478637355963,6.79484735570488,3.9226510406126,"MG_HAP_VX12"
"MG_HAP_VX13",-0.223572360142938,-1.12496487488102,6.67882142186111,3.09407861317092,"MG_HAP_VX13"
"MG_HAP_VX14",-0.830054246058042,-0.440200056427529,6.51895572689419,3.80366118222377,"MG_HAP_VX14"
"MG_HAP_VX15b",0.0113763272116341,-1.38206916602612,6.78349357370366,4.93746772258971,"MG_HAP_VX15b"
"MG_HAP_VX16a",0.257431024033549,-1.19486148032477,6.32722969979502,4.67484346423597,"MG_HAP_VX16a"
"MG_HAP_VX17",0.249348540772352,-0.902416852158914,6.46527370565476,3.67634688097819,"MG_HAP_VX17"
"MG_HAP_VX18a",-0.0945845117614898,-1.14179117047221,6.45553614274755,4.90231691323088,"MG_HAP_VX18a"
"MG_HAP_VX19a",-0.918018329417238,0.0274880843546858,6.54065906828418,3.37350910249944,"MG_HAP_VX19a"
"MG_HAP_VX1b",-0.105488490509157,-1.09711572107452,6.30739635537124,3.18562415038942,"MG_HAP_VX1b"
"MG_HAP_VX2",-0.0478168116585373,-1.05396728723027,6.58990125338508,5.45837743491037,"MG_HAP_VX2"
"MG_HAP_VX20a",-0.594946830008534,-1.1792991521949,6.85791188481527,3.35534709194471,"MG_HAP_VX20a"
"MG_HAP_VX21a",-1.37665675776749,1.50788198314798,6.57163143615701,3.76336732826098,"MG_HAP_VX21a"
"MG_HAP_VX22",0.0315254539977725,-1.6039741401066,6.71680921287776,3.18890433947252,"MG_HAP_VX22"
"MG_HAP_VX23b",-1.24756498693442,0.832104813945333,6.63237094065179,4.20023516030053,"MG_HAP_VX23b"
"MG_HAP_VX24",-0.542936165230989,-1.17303592361773,6.71320885781266,2.40763761886495,"MG_HAP_VX24"
"MG_HAP_VX25a",-0.632305627216784,-0.8896576891903,6.67663647127283,4.01732077279738,"MG_HAP_VX25a"
"MG_HAP_VX26",0.465293932256211,-1.09582371338222,6.89617978404688,2.49894348216587,"MG_HAP_VX26"
"MG_HAP_VX27a",-0.348665167559415,-0.958053792606818,6.86514798287772,4.60150777711316,"MG_HAP_VX27a"
"MG_HAP_VX28a",0.396910963581985,0.355787336890088,6.41555114788148,3.72992683631233,"MG_HAP_VX28a"
"MG_HAP_VX29a",-0.212635815576021,-1.4265709025186,6.70268071337285,4.12508469455945,"MG_HAP_VX29a"
"MG_HAP_VX30a",-0.351186272372874,-0.851266915645822,6.7072256890777,3.16516636967467,"MG_HAP_VX30a"
"MG_HAP_VX3a",0.662027949757165,-0.0634116784686945,6.49213102376423,4.07433055379003,"MG_HAP_VX3a"
"MG_HAP_VX4a",-0.275288097789693,-1.35599392671645,6.8439944669588,6.05374482291155,"MG_HAP_VX4a"
"MG_HAP_VX5",-0.06022067285124,-0.975832657335624,7.41442736682957,4.23972904557663,"MG_HAP_VX5"
"MG_HAP_VX6a",-0.349617623959465,-0.976957150511934,6.89945380658614,4.88147360711253,"MG_HAP_VX6a"
"MG_HAP_VX7b",-0.328159539513356,-1.5668381929533,6.48718511867786,4.6319696590028,"MG_HAP_VX7b"
"MG_HAP_VX8a",-0.353846805898697,-1.21634990063773,6.98642736345667,5.50097409666876,"MG_HAP_VX8a"
"MG_HAP_VX9",0.203014700897934,-0.691135179537323,7.21191002294383,4.55238066777985,"MG_HAP_VX9"
"MG_NEU_VX1",-0.133497252875508,-1.06139301971809,6.43879133586917,2.30823736571007,"MG_NEU_VX1"
"MG_NEU_VX10a",0.4434337347254,-0.310734672968487,6.86104616149006,1.93060906217808,"MG_NEU_VX10a"
"MG_NEU_VX11",0.122416718996517,-1.22689079700825,6.4860503416989,2.39767901633401,"MG_NEU_VX11"
"MG_NEU_VX12a",0.536373720606433,-0.78947915512607,6.75481723465212,2.26491262187502,"MG_NEU_VX12a"
"MG_NEU_VX13a",-0.474487334471963,-0.588016126604257,6.55524734857171,2.1663812961467,"MG_NEU_VX13a"
"MG_NEU_VX14",-0.347874256580156,0.45516985555806,6.51199395913601,1.86508305123037,"MG_NEU_VX14"
"MG_NEU_VX15a",0.154280446902879,0.391037279019805,6.23092272614592,2.46495664592655,"MG_NEU_VX15a"
"MG_NEU_VX16a",0.392031401866219,0.248811617649001,6.44161217317387,2.13509578394097,"MG_NEU_VX16a"
"MG_NEU_VX17a",0.0179730196202262,-0.662529681022885,6.15491325527943,1.69519339528457,"MG_NEU_VX17a"
"MG_NEU_VX18a",-0.526661156213556,-0.739807136250828,6.16597710430384,2.90054644707557,"MG_NEU_VX18a"
"MG_NEU_VX19",0.64795893887947,0.156271867367443,6.57760753059356,2.00426393704602,"MG_NEU_VX19"
"MG_NEU_VX2",-0.165832279591678,-0.522738070895564,6.62308283745598,2.04093567076937,"MG_NEU_VX2"
"MG_NEU_VX20",0.0708986540760016,-1.23472217421897,6.67617341132617,2.29347375875882,"MG_NEU_VX20"
"MG_NEU_VX21",0.176939598166861,-1.03549599985825,6.42490980143813,2.22699174433906,"MG_NEU_VX21"
"MG_NEU_VX22",-0.677393115519882,-0.717114941423209,6.55984307165503,1.98912987237873,"MG_NEU_VX22"
"MG_NEU_VX23",0.199395837312194,-0.406377860870881,6.99395891876629,2.06351553465709,"MG_NEU_VX23"
"MG_NEU_VX24",0.820169423735819,0.640478997319791,6.62946338232651,2.06181456538494,"MG_NEU_VX24"
"MG_NEU_VX25a",0.662903270441443,-0.454842061984197,6.64439413319539,1.71957204683285,"MG_NEU_VX25a"
"MG_NEU_VX26a",-0.0555592222456444,-0.484173487724684,6.74502127406093,2.01959592786445,"MG_NEU_VX26a"
"MG_NEU_VX27a",-0.0468530965507551,-1.03650074629082,6.75029029377538,2.51367570362376,"MG_NEU_VX27a"
"MG_NEU_VX28",0.694690643042322,-0.193594115956363,6.59298085598452,2.56729390153868,"MG_NEU_VX28"
"MG_NEU_VX29",-0.229293178912356,-0.773963828402015,6.72949112972261,1.76926127641954,"MG_NEU_VX29"
"MG_NEU_VX3",0.0577875561024017,-0.228291916153815,6.34224852194615,2.59544949578271,"MG_NEU_VX3"
"MG_NEU_VX30",-0.0692143804458401,-0.75555944453744,6.46969417759064,2.26865402722714,"MG_NEU_VX30"
"MG_NEU_VX4a",0.506708100514982,-0.525754677931031,6.75287917716632,2.61689959167399,"MG_NEU_VX4a"
"MG_NEU_VX5a",0.32468291552111,-1.23003310109626,7.22904442767702,2.52586540981055,"MG_NEU_VX5a"
"MG_NEU_VX6a",-0.359677969587559,-1.02024218789375,6.64161335470051,2.64634104783293,"MG_NEU_VX6a"
"MG_NEU_VX7b",0.20777436889327,1.32410172213811,6.1981772902433,2.26937835964819,"MG_NEU_VX7b"
"MG_NEU_VX8a",-0.258460518793019,-1.38438285061783,6.74703520406602,2.14094020869099,"MG_NEU_VX8a"
"MG_NEU_VX9a",0.0354428981046019,-0.544847351469499,7.19378098375952,1.57528790357968,"MG_NEU_VX9a"
"MG_SAD_VX1",0.631119762481189,-0.0122123810047374,5.76338855089311,1.69190247435529,"MG_SAD_VX1"
"MG_SAD_VX10b",0.606544542017388,0.809169959791444,6.99909488415639,1.63143715326265,"MG_SAD_VX10b"
"MG_SAD_VX11",0.270721451582199,-0.919380887100925,6.97407654125112,2.1354485477651,"MG_SAD_VX11"
"MG_SAD_VX12a",-0.950899373883748,1.26036250491874,5.63372270706111,2.07583707829385,"MG_SAD_VX12a"
"MG_SAD_VX13b",-0.294460862644346,-0.437200430724856,6.37371647921305,2.76141635708685,"MG_SAD_VX13b"
"MG_SAD_VX14b",-0.733562019509814,-0.504089692379042,6.27907546710091,1.5832986891842,"MG_SAD_VX14b"
"MG_SAD_VX15a",-0.114043011559296,0.102950677991204,6.34730386512313,2.31354174368224,"MG_SAD_VX15a"
"MG_SAD_VX16a",-1.49330210452057,2.62333501376359,5.66059768238277,2.86312978019995,"MG_SAD_VX16a"
"MG_SAD_VX17",-0.161037993435893,0.0233859899979764,6.64643053094519,2.28138595095919,"MG_SAD_VX17"
"MG_SAD_VX18",-0.624710202123678,-0.639275179367842,5.74227827052983,4.29108518983847,"MG_SAD_VX18"
"MG_SAD_VX19",-0.20782575183502,3.19630498955655,6.67087821400838,1.59924406146978,"MG_SAD_VX19"
"MG_SAD_VX1a",0.844416033868388,1.10573544318949,6.2160124798634,2.24839780434222,"MG_SAD_VX1a"
"MG_SAD_VX20a",0.805715833528439,0.612436254402737,6.77830217107124,2.94334309991663,"MG_SAD_VX20a"
"MG_SAD_VX21a",-0.232904183894667,-0.309641634866855,6.53988329670713,2.51366351991536,"MG_SAD_VX21a"
"MG_SAD_VX22",-0.130175650819174,-1.19242902289064,6.41365763217254,2.15294623081272,"MG_SAD_VX22"
"MG_SAD_VX23",2.30316609294011,5.55393896670102,6.36725019852565,2.66813655170226,"MG_SAD_VX23"
"MG_SAD_VX24",0.276229391062618,-1.07938044194215,6.72367473745444,1.74429769474815,"MG_SAD_VX24"
"MG_SAD_VX25",0.171171121714792,-1.3476752089792,6.59945106882263,2.25166194406781,"MG_SAD_VX25"
"MG_SAD_VX27",-0.127399838759747,0.397662869472652,6.85978602058518,2.22496291635612,"MG_SAD_VX27"
"MG_SAD_VX28a",0.916710503530703,4.13281173868708,6.45505681035782,1.54966557516354,"MG_SAD_VX28a"
"MG_SAD_VX29b",0.349157426262497,0.418244007232667,6.24103277538662,1.80449767575115,"MG_SAD_VX29b"
"MG_SAD_VX2a",-0.0450130897634747,0.332652567011587,6.90946570660628,1.39242694399257,"MG_SAD_VX2a"
"MG_SAD_VX30a",-1.54060849455861,1.85117779410584,6.62426478119542,3.21905532044368,"MG_SAD_VX30a"
"MG_SAD_VX3a",-0.331677887269232,1.03677431791248,5.95480568741983,3.70999943860333,"MG_SAD_VX3a"
"MG_SAD_VX4b",0.77313307568051,-0.202309314022916,6.68541028301023,2.53281331875888,"MG_SAD_VX4b"
"MG_SAD_VX5a",0.671384599404809,1.25802176041624,6.92075266928138,2.30413652565668,"MG_SAD_VX5a"
"MG_SAD_VX6",0.868678547804355,0.769856127750541,6.65527139725288,1.33855786753833,"MG_SAD_VX6"
"MG_SAD_VX7",-0.552557233197601,-0.156261918980139,6.2967059890895,1.97802439980757,"MG_SAD_VX7"
"MG_SAD_VX8",0.707217389233144,1.96656161602745,6.44864620227998,1.6670100618645,"MG_SAD_VX8"
"MG_SAD_VX9",0.455197966590505,-0.94432229799407,7.14572520712278,1.75954742010203,"MG_SAD_VX9"
"MG_SUR_VX1",-0.247470449568459,-0.852976962219346,6.19565100267019,7.46057220558787,"MG_SUR_VX1"
"MG_SUR_VX10a",0.00830669191835194,-1.29787949980578,6.77444902086992,7.14884535847656,"MG_SUR_VX10a"
"MG_SUR_VX11a",-0.0536108297190871,-1.53628953559324,6.64562595820508,5.74614455097396,"MG_SUR_VX11a"
"MG_SUR_VX12",-0.433158460582763,-0.914594577567651,6.65622858713311,8.4036676443036,"MG_SUR_VX12"
"MG_SUR_VX13",-1.04295545032941,-0.320014169225381,6.84736082810983,8.94596877008184,"MG_SUR_VX13"
"MG_SUR_VX14a",-1.64095880525559,2.91096355310467,6.3215351046885,6.55134379856399,"MG_SUR_VX14a"
"MG_SUR_VX15a",-1.08921599341514,0.335361442632994,6.58297822395942,7.89316679255925,"MG_SUR_VX15a"
"MG_SUR_VX16",-0.367851965073364,-1.22105191810558,6.17844592226202,10.1281500412428,"MG_SUR_VX16"
"MG_SUR_VX17",-1.58651415649016,1.29111070286346,6.52865955546695,7.45303185916245,"MG_SUR_VX17"
"MG_SUR_VX18a",-0.769566858453811,-0.539416413072153,6.27913069379865,9.49140668689977,"MG_SUR_VX18a"
"MG_SUR_VX19",-0.136243198891978,-1.03437707010576,6.26633469521616,8.37382407509418,"MG_SUR_VX19"
"MG_SUR_VX20",-0.537309193284191,-0.867247446012594,6.63226686759227,9.10198176424893,"MG_SUR_VX20"
"MG_SUR_VX21",0.200883955957423,-1.37269813148034,6.40997985286589,5.32895527372961,"MG_SUR_VX21"
"MG_SUR_VX22",-0.851468927216653,-0.176958819393533,6.60925744567355,7.48673193347318,"MG_SUR_VX22"
"MG_SUR_VX23c",-1.72142751505822,2.44878457971627,6.43661781550787,6.21983737099475,"MG_SUR_VX23c"
"MG_SUR_VX24a",-0.2812157566657,-1.14791628777348,6.83015684997739,4.88668866723795,"MG_SUR_VX24a"
"MG_SUR_VX25",-0.774405646695548,-0.452965222438035,6.78169966874509,8.84697927392565,"MG_SUR_VX25"
"MG_SUR_VX26b",-0.46227255506193,-0.571925516329033,6.88742063605018,6.76793623580818,"MG_SUR_VX26b"
"MG_SUR_VX27b",-0.463480628460407,-0.802740532286005,6.91761989673139,7.22341677808257,"MG_SUR_VX27b"
"MG_SUR_VX28",-1.24719996458831,1.17920191017579,6.55823768613689,6.31745835309408,"MG_SUR_VX28"
"MG_SUR_VX29",-1.23161381991215,0.721799403279021,6.63958977509668,7.09135107846098,"MG_SUR_VX29"
"MG_SUR_VX2a",-1.00363736265558,-0.194440572566188,6.84133816880103,7.52798912185516,"MG_SUR_VX2a"
"MG_SUR_VX30a",-0.812412075472292,-0.501552927026739,6.48122976945751,8.64574820785248,"MG_SUR_VX30a"
"MG_SUR_VX3a",-0.366757969603803,-1.24249823510078,6.11615907412496,3.7563159209155,"MG_SUR_VX3a"
"MG_SUR_VX4a",-1.1620597404137,-0.113296685745978,6.62637018282318,8.7006629802035,"MG_SUR_VX4a"
"MG_SUR_VX5",-1.10836172717236,0.766197900366924,7.10807904245437,6.9600408634297,"MG_SUR_VX5"
"MG_SUR_VX6b",-0.0864686418398591,-1.27088806012565,6.75250325235295,9.32771617712059,"MG_SUR_VX6b"
"MG_SUR_VX7b",-0.75891804215731,-0.196964628684543,6.53555533930362,7.322321205938,"MG_SUR_VX7b"
"MG_SUR_VX8",-0.700637318045922,-0.978215919585123,6.68294079568898,9.8694711012992,"MG_SUR_VX8"
"MG_SUR_VX9a",-1.00102571641871,0.396318283194683,6.94219050652819,5.78020285885907,"MG_SUR_VX9a"
"NA_ANG_VX1",0.0531453124344677,-1.21436374511114,6.8909261286895,2.93875360847106,"NA_ANG_VX1"
"NA_ANG_VX10b",0.449181078223506,-0.92049168493731,7.31478873129056,3.67670996867221,"NA_ANG_VX10b"
"NA_ANG_VX11a",0.679798263880125,-0.226505975725152,7.10992938559097,4.02577394033803,"NA_ANG_VX11a"
"NA_ANG_VX12",0.0387956367404079,-0.357584550545763,7.27324724742147,4.41733825274797,"NA_ANG_VX12"
"NA_ANG_VX13",-0.081104119806352,-0.67463185189404,7.87570502841028,3.31474528662908,"NA_ANG_VX13"
"NA_ANG_VX14",-0.632738259829396,0.721353070415187,7.09926500591963,2.36554207666515,"NA_ANG_VX14"
"NA_ANG_VX15a",-0.326433850049207,-0.276354132517153,7.6249785868196,3.73499205772493,"NA_ANG_VX15a"
"NA_ANG_VX16a",-0.00170065212997281,0.251434681143183,7.00229268580037,3.35625865069754,"NA_ANG_VX16a"
"NA_ANG_VX17a",1.13506929639579,0.651896170098528,7.34244990353207,3.85948097538072,"NA_ANG_VX17a"
"NA_ANG_VX18",0.532041192991886,0.215781389378793,7.23214969349961,2.90936704348799,"NA_ANG_VX18"
"NA_ANG_VX19a",-0.167239711724518,1.10798157443562,7.35834004706225,3.13058423982803,"NA_ANG_VX19a"
"NA_ANG_VX1b",-0.139383354135982,-0.785309340210433,6.88818364693452,3.1593144345679,"NA_ANG_VX1b"
"NA_ANG_VX2",-0.913995352463747,1.17677895229175,7.51759391962314,3.64863826478871,"NA_ANG_VX2"
"NA_ANG_VX20",-0.389689659760196,-0.181508512052541,7.4971741293957,2.45850556980014,"NA_ANG_VX20"
"NA_ANG_VX21a",0.132155608969958,-0.487692554291507,7.03911777804629,3.20650146808122,"NA_ANG_VX21a"
"NA_ANG_VX22",-0.809464089996514,0.704675838984307,7.31235774133814,3.36902768347168,"NA_ANG_VX22"
"NA_ANG_VX23",-0.852490625231548,1.42651547963254,7.23824247099546,2.4958509506215,"NA_ANG_VX23"
"NA_ANG_VX24b",-0.324373570882445,-0.597227018966321,7.60071256055844,3.40805121996318,"NA_ANG_VX24b"
"NA_ANG_VX25",-0.37271200770782,-0.436911765772204,7.28487558120422,3.35833779602243,"NA_ANG_VX25"
"NA_ANG_VX26",0.646700197651386,0.266467414508431,7.48337927154427,3.05528499512954,"NA_ANG_VX26"
"NA_ANG_VX27a",-0.0638567369741985,-0.325940247542578,7.93937983500546,3.21852740625669,"NA_ANG_VX27a"
"NA_ANG_VX28a",-0.687355454892012,0.488669656314202,7.08946442211216,3.26013931159566,"NA_ANG_VX28a"
"NA_ANG_VX29a",-0.179773831567147,-0.387586806035238,7.44609491454615,2.59343460275683,"NA_ANG_VX29a"
"NA_ANG_VX3",-1.04093817313448,1.65162627799822,7.50101735294507,3.85924804186543,"NA_ANG_VX3"
"NA_ANG_VX30",-0.84122406340735,-0.0318029677884415,7.19571303191344,3.42390463534992,"NA_ANG_VX30"
"NA_ANG_VX4",-0.283509115988177,0.333757694093205,7.63514418479482,3.79788378041235,"NA_ANG_VX4"
"NA_ANG_VX4a",-0.6777797286732,-0.119999838557804,7.47486868657126,4.97799752248549,"NA_ANG_VX4a"
"NA_ANG_VX5",-0.00446047865045623,-0.457513017829946,8.33218873808605,4.11003216521949,"NA_ANG_VX5"
"NA_ANG_VX6a",0.0927601175174528,-0.596145217045066,7.33482016344241,3.65615646114034,"NA_ANG_VX6a"
"NA_ANG_VX7",1.20772910331162,1.23145031409737,7.17581986661419,4.26807042539712,"NA_ANG_VX7"
"NA_ANG_VX8a",0.127903293853042,0.100791896408197,7.2356377218898,3.64796522453504,"NA_ANG_VX8a"
"NA_ANG_VX9b",-0.570878302369325,1.15312853684024,7.70031758666073,2.84504692427945,"NA_ANG_VX9b"
"NA_DIS_VX1",-0.928846614249263,-0.00273891085492011,7.55995901972814,2.15764430991493,"NA_DIS_VX1"
"NA_DIS_VX10",-1.38770516483302,4.00490815535466,7.68476152355348,1.88812078869212,"NA_DIS_VX10"
"NA_DIS_VX11",-0.767373851564634,-0.0658849817147139,7.29539513791496,3.21952181192095,"NA_DIS_VX11"
"NA_DIS_VX12a",-0.343905202567904,0.968469726762076,6.6732714662957,2.47877337004202,"NA_DIS_VX12a"
"NA_DIS_VX13",0.0173034944343109,0.161597064220644,7.3878848603946,2.82160261833824,"NA_DIS_VX13"
"NA_DIS_VX14",-0.461129948042003,1.29949418381982,7.95776038362309,2.13753394400044,"NA_DIS_VX14"
"NA_DIS_VX14b",-1.34227103571935,1.17356386094625,7.27637885129376,2.74861774550601,"NA_DIS_VX14b"
"NA_DIS_VX15",-0.135798254002298,-0.901506597231949,7.57131446235643,2.93736736223719,"NA_DIS_VX15"
"NA_DIS_VX16",-0.248551786636711,-1.26616529254772,7.27429859554745,3.19667316927387,"NA_DIS_VX16"
"NA_DIS_VX17a",-0.355461631435799,-0.198008100650335,7.39524448661189,1.60557419838808,"NA_DIS_VX17a"
"NA_DIS_VX18",-1.25990635801734,1.4572301953833,6.95542652233331,3.08346598803987,"NA_DIS_VX18"
"NA_DIS_VX19a",-0.449703944212175,0.402091439503342,7.67760199682481,2.97461733005397,"NA_DIS_VX19a"
"NA_DIS_VX20",-2.10544740161516,4.39716719911785,7.69604780224077,2.15663522049447,"NA_DIS_VX20"
"NA_DIS_VX21",-1.01292624432889,0.152384471072144,7.62611307374034,3.44522902545791,"NA_DIS_VX21"
"NA_DIS_VX22a",-1.25594364935408,1.74890285511772,7.68613649056694,3.17640449812981,"NA_DIS_VX22a"
"NA_DIS_VX23",-1.29386652570363,2.00369909865084,7.6761736751856,2.25801042771179,"NA_DIS_VX23"
"NA_DIS_VX24",-0.642902447568939,1.32643437535856,7.92315818399386,2.32987844182818,"NA_DIS_VX24"
"NA_DIS_VX25",-0.534524212425098,0.133036507365946,7.89677217634207,2.54462902314339,"NA_DIS_VX25"
"NA_DIS_VX26",-0.523594710883456,-0.535304153273526,8.04856701379471,2.716623156599,"NA_DIS_VX26"
"NA_DIS_VX27",-1.09605319586435,1.25934877866413,8.11259364312725,2.20582497747036,"NA_DIS_VX27"
"NA_DIS_VX28",-1.01520194171028,0.696860798070455,7.50239204577036,2.26561530183384,"NA_DIS_VX28"
"NA_DIS_VX29",-1.40480173576724,2.08213432984597,7.72844085663501,2.95011553565056,"NA_DIS_VX29"
"NA_DIS_VX2a",-1.29815413746832,0.643799105249541,7.92009305282159,3.04349393874866,"NA_DIS_VX2a"
"NA_DIS_VX30",-1.26850624043735,1.34822541130372,7.57228975443636,2.93071765948345,"NA_DIS_VX30"
"NA_DIS_VX3a",-0.242479755399232,0.772150552035906,7.28098268489048,1.50037674689035,"NA_DIS_VX3a"
"NA_DIS_VX4a",-0.260014109540404,0.293475215287414,7.85592849349947,2.66399241735008,"NA_DIS_VX4a"
"NA_DIS_VX5",0.0449130108933514,-0.554975944176385,8.48298564738097,2.7670621638481,"NA_DIS_VX5"
"NA_DIS_VX6",-0.388294729791276,3.1114237932763,7.7119156840833,2.122781600744,"NA_DIS_VX6"
"NA_DIS_VX7",0.475793738215666,-0.0477090232600054,7.5908698246823,2.57037813729135,"NA_DIS_VX7"
"NA_DIS_VX8",-0.580995493082164,1.19970336630272,7.54418399229216,2.19387009763831,"NA_DIS_VX8"
"NA_DIS_VX9",0.00321341265381424,0.8147751745524,8.03757152260284,1.7002688872784,"NA_DIS_VX9"
"NA_FER_VX1",-0.165412043774997,-0.806248643511201,6.83940861353212,2.20079340440938,"NA_FER_VX1"
"NA_FER_VX10",-0.14730585481036,-0.252702012093483,7.27917181292509,2.23156516775204,"NA_FER_VX10"
"NA_FER_VX11a",-1.25885761504412,3.06725126415798,7.08906782271646,3.745103985004,"NA_FER_VX11a"
"NA_FER_VX12",-0.739069327030936,2.23285208610528,7.03629982746448,2.36418125766609,"NA_FER_VX12"
"NA_FER_VX13",-0.0621512808850988,0.162119270721107,7.3497296872638,2.5310062611295,"NA_FER_VX13"
"NA_FER_VX14c",0.661624689377143,1.56416303112603,6.7100608490317,1.95995304677189,"NA_FER_VX14c"
"NA_FER_VX15a",-0.0346142217069039,-0.726620239543015,7.18547933307518,1.97700168945157,"NA_FER_VX15a"
"NA_FER_VX16a",-0.0794059355174214,-0.779072211337707,7.570999239058,2.44827792982116,"NA_FER_VX16a"
"NA_FER_VX17",-0.836073907917349,-0.129046614420396,7.10476434635254,3.47242905127859,"NA_FER_VX17"
"NA_FER_VX18",-1.13355560294933,1.60090573274659,6.63875425483675,1.98753660946419,"NA_FER_VX18"
"NA_FER_VX19",0.131844759832085,-0.72686486495204,6.89986251871084,2.08168982190236,"NA_FER_VX19"
"NA_FER_VX19a",0.0541063510111573,-0.282939168979287,7.16828444334331,2.95752171074459,"NA_FER_VX19a"
"NA_FER_VX20",0.519805672636767,1.06491031275242,7.29741891593391,2.15736124396346,"NA_FER_VX20"
"NA_FER_VX21",-0.15725710700394,0.513417516660865,7.11067688478574,2.39863941385195,"NA_FER_VX21"
"NA_FER_VX22",-1.8080086496299,4.147208039555,7.26868294651928,2.46205252125678,"NA_FER_VX22"
"NA_FER_VX23",-1.8186154510025,4.1473410082061,6.9022675044236,2.04293549685427,"NA_FER_VX23"
"NA_FER_VX24",-1.0523392603714,1.71304701320156,7.13591498822494,4.05337701914575,"NA_FER_VX24"
"NA_FER_VX25",1.56852270319415,1.92164857061591,6.91400317172725,1.99324446399703,"NA_FER_VX25"
"NA_FER_VX26a",0.216017350446378,-1.24486710660272,7.15703946346362,1.77266024329814,"NA_FER_VX26a"
"NA_FER_VX27a",-1.08434336245603,2.11635768373946,7.47148737582422,1.96029141959595,"NA_FER_VX27a"
"NA_FER_VX28a",-1.85896753898543,3.96829450729654,7.14938883644588,3.90523255915439,"NA_FER_VX28a"
"NA_FER_VX29",-0.926303257330127,1.15594152487033,7.35232577272148,2.23029104919239,"NA_FER_VX29"
"NA_FER_VX2a",-0.493533981678508,-0.614574511612437,7.1001109088146,2.44188741875421,"NA_FER_VX2a"
"NA_FER_VX3",0.808425656136157,1.45212604538565,6.69695798150123,1.80660487382762,"NA_FER_VX3"
"NA_FER_VX30a",-0.153635483254424,-0.672144535130626,6.87760960821503,2.06112704063108,"NA_FER_VX30a"
"NA_FER_VX4a",-0.364289828868948,0.138424319796196,6.99604574281196,1.86506604889476,"NA_FER_VX4a"
"NA_FER_VX5b",0.404260412023209,-0.820350645668163,7.77609089809227,2.09903101970389,"NA_FER_VX5b"
"NA_FER_VX6b",-0.217437918234515,-0.49280429372856,7.56052364906339,2.71856413692156,"NA_FER_VX6b"
"NA_FER_VX7a",-0.763426277793261,0.149468739955069,6.98201116395376,4.84353617035014,"NA_FER_VX7a"
"NA_FER_VX8b",0.144874833823164,-0.0532066620252939,7.43766823493932,1.9911491974329,"NA_FER_VX8b"
"NA_FER_VX9",0.278683815462811,2.28186088799353,7.59635825270148,1.68097467986888,"NA_FER_VX9"
"NA_HAP_VX10",0.276414514748089,-0.515055331602877,7.31674433065668,2.98349178721876,"NA_HAP_VX10"
"NA_HAP_VX11",-0.70399905117594,0.926747235329283,7.11072393837264,3.00601742783533,"NA_HAP_VX11"
"NA_HAP_VX12a",-0.950884353449189,-0.307603160145427,7.15336169875934,4.81472584385641,"NA_HAP_VX12a"
"NA_HAP_VX13a",-0.804013759166142,0.749320458582089,7.21075068541823,2.77498251569003,"NA_HAP_VX13a"
"NA_HAP_VX14",-1.19564991763745,0.909027553787988,7.28248168836158,4.31474134185483,"NA_HAP_VX14"
"NA_HAP_VX15",0.450890926999839,-0.877868388251032,7.21204277027013,2.0596442260845,"NA_HAP_VX15"
"NA_HAP_VX16",0.422003657450544,-0.709676252312278,7.30375365609426,2.70609835069085,"NA_HAP_VX16"
"NA_HAP_VX17a",-0.386846704001969,-0.563072210907184,7.05318916106626,2.48148691180086,"NA_HAP_VX17a"
"NA_HAP_VX18",-0.857181564553197,0.0996647918889624,7.42788697213075,5.10373623485222,"NA_HAP_VX18"
"NA_HAP_VX19a",-0.019154576196991,-0.482848902915484,7.05126850601537,3.55775275166766,"NA_HAP_VX19a"
"NA_HAP_VX1b",1.32706296810504,0.244771958863678,7.17968545056828,3.39343663869595,"NA_HAP_VX1b"
"NA_HAP_VX2",-1.55501717892707,1.97164333596073,7.23186866655951,3.19408875913317,"NA_HAP_VX2"
"NA_HAP_VX20",1.05598037024597,0.319428550802175,7.25549933111813,2.98829368293793,"NA_HAP_VX20"
"NA_HAP_VX21",-0.924081921290383,0.671270036706209,7.36017781622186,3.61134336566365,"NA_HAP_VX21"
"NA_HAP_VX22",-1.20267485721663,1.75728819249512,7.26411908525715,3.50378409845679,"NA_HAP_VX22"
"NA_HAP_VX23",-1.28667288714819,1.23929782139292,7.36395942418516,3.6273628444772,"NA_HAP_VX23"
"NA_HAP_VX24a",-0.835109758687955,0.892444698927977,7.63365915735078,2.59196329015199,"NA_HAP_VX24a"
"NA_HAP_VX25",0.175016944524063,-0.731919773202996,7.26403122575656,2.45583256217985,"NA_HAP_VX25"
"NA_HAP_VX26",-0.255603997645679,0.351216970873378,7.80730091829284,2.83549522244344,"NA_HAP_VX26"
"NA_HAP_VX27",-1.28485100068076,3.45063337475704,7.53189101356534,2.77488206631342,"NA_HAP_VX27"
"NA_HAP_VX28a",-0.184234464054994,-0.820903884330905,6.80794425500803,2.90458211812161,"NA_HAP_VX28a"
"NA_HAP_VX29a",-0.462394230286154,-0.871979537613268,7.77651603879368,4.18575422151316,"NA_HAP_VX29a"
"NA_HAP_VX30",-1.10698623758319,0.99636386087461,7.25629557672819,2.88850210567098,"NA_HAP_VX30"
"NA_HAP_VX3a",-0.646523543047685,0.239252628912055,7.33369557131692,3.58849976818835,"NA_HAP_VX3a"
"NA_HAP_VX4",-0.700101803386433,0.798601415605628,7.34998047767659,3.93982065501538,"NA_HAP_VX4"
"NA_HAP_VX5",-1.00888431020511,1.66648756883396,8.06565703858011,3.17305496421298,"NA_HAP_VX5"
"NA_HAP_VX6",-0.445856970619552,0.159813130786082,7.41313537582851,3.05871895951588,"NA_HAP_VX6"
"NA_HAP_VX7",-0.277782850512374,-0.592444394811059,7.30738665489526,3.018323615189,"NA_HAP_VX7"
"NA_HAP_VX8",-0.266194500857621,0.632605452847321,7.13387449256922,2.70368702642892,"NA_HAP_VX8"
"NA_HAP_VX9a",-0.694026359211819,-0.285253655996395,7.92621513457128,2.82548523649958,"NA_HAP_VX9a"
"NA_NEU_VX10a",-0.246823120385795,-0.643351237312158,6.92741134471811,1.14055356389768,"NA_NEU_VX10a"
"NA_NEU_VX11",0.550069959059828,-1.11646880310809,6.70897794757484,1.48548572260712,"NA_NEU_VX11"
"NA_NEU_VX12",0.148315923742212,-0.954699251001378,6.5315945064529,1.78569789178574,"NA_NEU_VX12"
"NA_NEU_VX13a",0.233136243910464,-0.589276582825022,6.8491025992795,1.87015136660659,"NA_NEU_VX13a"
"NA_NEU_VX14",-0.353878398963111,-1.23120568031248,6.73587584392757,1.59748578849525,"NA_NEU_VX14"
"NA_NEU_VX15",-0.785995821121255,0.444909687189715,6.68289600736709,2.60893021396179,"NA_NEU_VX15"
"NA_NEU_VX16",0.16932167385893,-0.730873650719836,6.45171016604527,1.70055277371802,"NA_NEU_VX16"
"NA_NEU_VX17a",0.260362508658579,-0.851562688794941,6.66782982172426,1.40472696144016,"NA_NEU_VX17a"
"NA_NEU_VX18",0.130288419317284,-1.30467068907796,6.33130210834668,1.92870922053637,"NA_NEU_VX18"
"NA_NEU_VX19",-0.299910225937559,-0.0719292062337892,7.18403735229735,2.329730899101,"NA_NEU_VX19"
"NA_NEU_VX1a",-0.82224811890944,0.2048191272282,6.14836734207433,0.771432895309604,"NA_NEU_VX1a"
"NA_NEU_VX2",-0.110825046584237,-1.27931359936433,6.98527384810378,1.22818540168248,"NA_NEU_VX2"
"NA_NEU_VX20",0.0168302997210022,-0.372753924579624,7.04596503434592,1.89330963445925,"NA_NEU_VX20"
"NA_NEU_VX21a",-1.45267807514815,2.40013675437577,6.92481332609984,1.48579154134594,"NA_NEU_VX21a"
"NA_NEU_VX22a",0.0795667255246048,-1.22009053256972,6.76064299421467,1.68964993165003,"NA_NEU_VX22a"
"NA_NEU_VX23",-0.584467066144747,-1.15574107071958,7.02452767358739,2.08072952133431,"NA_NEU_VX23"
"NA_NEU_VX24a",-0.347450894693274,-0.836946904097589,7.01630334970071,1.58699578124988,"NA_NEU_VX24a"
"NA_NEU_VX25a",0.0933719970831804,-0.933586639827361,7.13292189200148,1.72246041283812,"NA_NEU_VX25a"
"NA_NEU_VX26a",-0.833668193654792,2.20288186891458,6.84926582486307,1.85242635597667,"NA_NEU_VX26a"
"NA_NEU_VX27a",-1.09191102281573,0.603845413156486,7.35550852779904,2.07705124826925,"NA_NEU_VX27a"
"NA_NEU_VX28a",-2.16052626108767,6.33372884894784,6.74779653151885,1.6096964709244,"NA_NEU_VX28a"
"NA_NEU_VX29",-1.28644914914009,0.936883354841974,6.95880600827531,1.62700778917039,"NA_NEU_VX29"
"NA_NEU_VX30a",0.0877206804662271,-0.495868014060271,6.80248298447573,1.49760562285321,"NA_NEU_VX30a"
"NA_NEU_VX3a",-1.19815933681874,2.41188049010309,6.81162788792923,1.79147038078202,"NA_NEU_VX3a"
"NA_NEU_VX4",-0.229333291105407,-1.12010491545713,6.72351989794801,1.40922102257367,"NA_NEU_VX4"
"NA_NEU_VX5",0.454151264340651,-0.833975412102179,7.8644102476805,2.21718376155618,"NA_NEU_VX5"
"NA_NEU_VX6",0.0515015624398327,-1.08871232252241,7.15134513241515,1.82451200514458,"NA_NEU_VX6"
"NA_NEU_VX7",0.0164912766289279,-0.684165329423076,6.8782273294462,2.54070776285382,"NA_NEU_VX7"
"NA_NEU_VX8a",-0.173618654115884,-0.39722679164695,6.93559689663667,2.53082616456118,"NA_NEU_VX8a"
"NA_NEU_VX9a",0.246425892167211,-0.987859027028957,7.39044934664307,2.07013647690185,"NA_NEU_VX9a"
"NA_SAD_VX1",-2.24921443228797,8.60479841868908,6.5331477481562,1.64792403737181,"NA_SAD_VX1"
"NA_SAD_VX10",-0.381849201567042,-0.242420131943299,7.51755106412784,1.81386222160579,"NA_SAD_VX10"
"NA_SAD_VX11",-0.239683007501347,-0.871017702125355,6.7948448816734,3.87204739493653,"NA_SAD_VX11"
"NA_SAD_VX12a",-1.20948485746747,0.212861096354288,6.97551498791714,4.06635177729255,"NA_SAD_VX12a"
"NA_SAD_VX13",-1.89889177067471,5.56876857378598,7.47677666623984,2.69339012857701,"NA_SAD_VX13"
"NA_SAD_VX14",-0.40056003593924,0.665884830627348,6.94358768979368,2.19097067537704,"NA_SAD_VX14"
"NA_SAD_VX15",-1.47642885468719,3.88404444369747,7.45206302322869,1.8221726788965,"NA_SAD_VX15"
"NA_SAD_VX16",0.293068158943131,-0.513684796115541,7.30768258685564,1.6842900830497,"NA_SAD_VX16"
"NA_SAD_VX17",-0.824111302849865,-0.544381878376146,7.03967230237662,4.72963673975576,"NA_SAD_VX17"
"NA_SAD_VX18a",-1.42901833237889,2.82745196714236,6.37345797037118,2.81897912488981,"NA_SAD_VX18a"
"NA_SAD_VX19b",-2.27085349146918,6.85800171560791,6.41180783471155,2.63582077428127,"NA_SAD_VX19b"
"NA_SAD_VX20",-0.443079940216406,0.821155374334513,7.76955800332921,1.56150168287476,"NA_SAD_VX20"
"NA_SAD_VX21a",-1.49671201966975,2.98660582329683,7.14778765533939,2.28476970989224,"NA_SAD_VX21a"
"NA_SAD_VX22",0.403030040064361,-0.736827381339451,7.42114793114588,1.56131978962902,"NA_SAD_VX22"
"NA_SAD_VX23",-0.518580722350844,-0.824548054492172,7.4343018921992,1.88637489087605,"NA_SAD_VX23"
"NA_SAD_VX24a",-1.82660288183072,4.06131158987,7.2786583276957,2.89734564763954,"NA_SAD_VX24a"
"NA_SAD_VX24b",-1.85413481819335,7.76457293523204,6.8618438285546,1.97634619267078,"NA_SAD_VX24b"
"NA_SAD_VX25",0.16733445190675,0.972742827948146,7.54392668810326,1.0787623730398,"NA_SAD_VX25"
"NA_SAD_VX26",-0.542381826805915,1.36749189494632,7.25493905590519,3.04172864033921,"NA_SAD_VX26"
"NA_SAD_VX27",0.0506367107590793,0.661187774217418,7.55764739445513,1.55273951790404,"NA_SAD_VX27"
"NA_SAD_VX28",-1.48059021860657,3.31070026427059,6.8596145047399,2.05868428312092,"NA_SAD_VX28"
"NA_SAD_VX29",1.51617897340087,2.72132422827801,6.96310104821677,1.22039051858472,"NA_SAD_VX29"
"NA_SAD_VX2a",-1.2858992149604,5.60828920240604,7.3854153484451,1.84812077515534,"NA_SAD_VX2a"
"NA_SAD_VX30a",-1.09084107104995,1.13477145454706,6.69617411565439,3.0318105971327,"NA_SAD_VX30a"
"NA_SAD_VX3a",0.575538103858185,-0.152650180391631,7.03165030720585,0.981204020998397,"NA_SAD_VX3a"
"NA_SAD_VX4",-0.625521192234376,0.527605974842297,7.3270496900259,1.40261725298036,"NA_SAD_VX4"
"NA_SAD_VX5",-0.566555281304751,-0.0834636552159129,7.44548589400331,1.74156402841597,"NA_SAD_VX5"
"NA_SAD_VX6a",0.815232815321905,0.365386091784203,7.16651237354413,1.31468233985968,"NA_SAD_VX6a"
"NA_SAD_VX7",-0.507863998818609,1.97902095482569,6.9904192586799,2.23928929070894,"NA_SAD_VX7"
"NA_SAD_VX8a",1.07297406119375,1.61782290108161,7.29666336762443,1.92858590288681,"NA_SAD_VX8a"
"NA_SAD_VX9a",0.376980143463482,1.00702975956887,7.97050641483581,2.49310482774519,"NA_SAD_VX9a"
"NA_SUR_VX1",-0.716798855911185,-0.633992331020064,7.43574493649779,6.13394322822443,"NA_SUR_VX1"
"NA_SUR_VX10a",-0.414834427022548,0.405023579026322,7.7286637246569,2.9640192448926,"NA_SUR_VX10a"
"NA_SUR_VX11",-0.440038790933092,2.22013171185859,7.69064518572657,3.72578516903121,"NA_SUR_VX11"
"NA_SUR_VX12a",-0.551603356878965,-0.0514797799066452,7.49265412293588,5.0327768577528,"NA_SUR_VX12a"
"NA_SUR_VX13a",-0.707800050752019,0.0342270455177868,7.67399437148239,6.48233236779295,"NA_SUR_VX13a"
"NA_SUR_VX14",-1.46339800633633,1.63115082531497,7.00456693990835,6.56483394677977,"NA_SUR_VX14"
"NA_SUR_VX15b",-0.554231946611647,-0.742129225264138,7.75254716396644,4.12455072820065,"NA_SUR_VX15b"
"NA_SUR_VX16a",-0.652831291990643,-0.679960019376568,7.66290603769549,5.99942258752962,"NA_SUR_VX16a"
"NA_SUR_VX17a",-0.745703952629603,-0.488546519015196,7.21294782828821,5.29246723094334,"NA_SUR_VX17a"
"NA_SUR_VX18",-0.629954831881297,-0.64888032266989,7.44199474721436,7.71263996651877,"NA_SUR_VX18"
"NA_SUR_VX19a",0.258240131829361,-0.325680161781656,7.68838396275594,5.33611532094805,"NA_SUR_VX19a"
"NA_SUR_VX2",-1.21698243687579,0.936013186567563,7.77593852151525,6.54431541915297,"NA_SUR_VX2"
"NA_SUR_VX20a",-1.01993209066523,-0.201324708075057,7.98322361968145,5.32512030485439,"NA_SUR_VX20a"
"NA_SUR_VX21a",-2.26472933584433,5.49637800574643,7.66072628108277,4.97983456615664,"NA_SUR_VX21a"
"NA_SUR_VX22a",-0.849292288824133,-0.595689538053728,7.69260363543694,5.41863285981995,"NA_SUR_VX22a"
"NA_SUR_VX23",-1.37631409815097,1.71239947918843,7.5485716940345,6.3020213076151,"NA_SUR_VX23"
"NA_SUR_VX24a",-1.02066776347827,1.27034267697079,7.68595740348054,5.59909851162406,"NA_SUR_VX24a"
"NA_SUR_VX25",-1.04579397433358,-0.124263131812754,7.59675662626352,6.13603720493317,"NA_SUR_VX25"
"NA_SUR_VX26",0.0152734091077655,-1.28413729553608,7.78936667888582,6.11415322479974,"NA_SUR_VX26"
"NA_SUR_VX27",-0.510593984667887,-0.828414150046275,8.01169630570501,6.09567864591449,"NA_SUR_VX27"
"NA_SUR_VX28",0.143041026075995,-1.32728819166136,7.35063088918722,6.93586730628773,"NA_SUR_VX28"
"NA_SUR_VX29",-0.0966677266497328,-0.71162990507002,7.72779677668539,6.93978904890822,"NA_SUR_VX29"
"NA_SUR_VX3",-1.02084861110985,0.806435623429214,7.49782254052098,6.53328209802431,"NA_SUR_VX3"
"NA_SUR_VX30",0.0193548920368853,-0.85935964842641,7.36797962522997,6.08253932476027,"NA_SUR_VX30"
"NA_SUR_VX4a",-0.813294174709318,-0.826300801471047,7.57159579979549,6.33837632122524,"NA_SUR_VX4a"
"NA_SUR_VX5",-1.13089005634356,0.330512697229687,8.16600191929149,5.11619763837517,"NA_SUR_VX5"
"NA_SUR_VX6",-0.347253421032689,-0.763379362119383,7.77141996248536,7.03597727193142,"NA_SUR_VX6"
"NA_SUR_VX7b",-0.736838670913574,-0.437267770073772,7.27240442121689,7.04870401765051,"NA_SUR_VX7b"
"NA_SUR_VX8a",-0.968571058196744,-0.65489908899441,7.28350538139012,7.35226266946978,"NA_SUR_VX8a"
"NA_SUR_VX9a",-1.4279637537954,0.659139259349477,7.72399179894249,5.13161886414152,"NA_SUR_VX9a"
"SL_ANG_VX10b",-0.477895359243865,0.0699457749807853,7.98392313191392,2.02474746464323,"SL_ANG_VX10b"
"SL_ANG_VX11a",-0.180083756077444,-0.612286310116696,7.84385571223765,1.99829646489855,"SL_ANG_VX11a"
"SL_ANG_VX12",-0.0495123677238717,-0.753857096970402,7.66299263706872,2.72104710067648,"SL_ANG_VX12"
"SL_ANG_VX13b",-0.246456303353862,-0.0878808921561711,7.56565570162994,3.09852757940401,"SL_ANG_VX13b"
"SL_ANG_VX14",0.0415533095028632,-0.676637143912244,7.09169823909133,1.79715050850121,"SL_ANG_VX14"
"SL_ANG_VX15a",-0.0472968680217973,-0.681317188494918,7.47387264448445,2.67718338831054,"SL_ANG_VX15a"
"SL_ANG_VX16a",0.239836409241453,-0.867197347873417,7.57018959429507,3.75091041728065,"SL_ANG_VX16a"
"SL_ANG_VX17a",-0.770738471865904,0.101562513524562,7.47916665823096,2.60632807686259,"SL_ANG_VX17a"
"SL_ANG_VX18",0.13278635086799,-0.888397040941935,7.16649460980734,4.51646968203088,"SL_ANG_VX18"
"SL_ANG_VX19",0.673437869272122,0.541194605819992,7.9812119000125,3.44332513334436,"SL_ANG_VX19"
"SL_ANG_VX1a",-0.196112242670672,-1.2974787708261,7.07680708580265,3.04980444972488,"SL_ANG_VX1a"
"SL_ANG_VX2",-0.526539206908656,0.0108519098473109,7.65554154793828,3.58225439054108,"SL_ANG_VX2"
"SL_ANG_VX20b",-1.33714795518539,1.03653607136799,7.77391257598125,3.35957846685054,"SL_ANG_VX20b"
"SL_ANG_VX21",-0.422805181897497,0.616395915871753,7.39246040038981,1.94631949819466,"SL_ANG_VX21"
"SL_ANG_VX22a",0.438009749353694,-0.0167260478491738,7.35994932087919,2.96342090742133,"SL_ANG_VX22a"
"SL_ANG_VX23b",0.430773502750623,-0.344404650094091,7.56690089479848,2.45662478016405,"SL_ANG_VX23b"
"SL_ANG_VX24",0.469560283527117,0.0971373901171459,7.81220844978244,2.73608832356524,"SL_ANG_VX24"
"SL_ANG_VX25",-0.222051113555082,-0.528556647511465,7.56579877292094,2.53586673424335,"SL_ANG_VX25"
"SL_ANG_VX26",-0.0190169661264534,-1.25712831706441,7.8675261310062,1.8770380660118,"SL_ANG_VX26"
"SL_ANG_VX27",-0.280264993501496,-0.425290130829417,7.45800045100618,2.21157599088427,"SL_ANG_VX27"
"SL_ANG_VX28",-1.39888324171486,2.41223757757681,7.40963748465124,1.98414346182312,"SL_ANG_VX28"
"SL_ANG_VX29a",0.138728427764186,-0.792887715475523,7.42646449611925,3.39095109207934,"SL_ANG_VX29a"
"SL_ANG_VX30a",-0.45892580069528,-0.590007742339021,7.62894388763723,2.48021359382149,"SL_ANG_VX30a"
"SL_ANG_VX3a",0.294472202561556,-1.45715923305583,7.09486837484674,3.61876435284584,"SL_ANG_VX3a"
"SL_ANG_VX4a",-0.0173095601210056,-0.994230211693631,7.50665700374147,3.89430884870548,"SL_ANG_VX4a"
"SL_ANG_VX5a",0.295371197709685,-0.89592363144568,8.15689997028349,3.14828374179249,"SL_ANG_VX5a"
"SL_ANG_VX6b",-0.66278292712558,-0.434706580966045,7.78901887986824,2.50581056496003,"SL_ANG_VX6b"
"SL_ANG_VX7",-0.0471115997092924,-0.102238227249104,7.6727741090036,3.14776626784336,"SL_ANG_VX7"
"SL_ANG_VX8a",-0.032680856080722,0.0270264017439362,7.21206255179255,2.89626951537285,"SL_ANG_VX8a"
"SL_ANG_VX9a",-0.438433373208894,0.194253415610726,8.03651224712987,1.61163530234974,"SL_ANG_VX9a"
"SL_DIS_VX10",0.694884503241635,0.250963078450738,7.57024899626257,2.25522557040073,"SL_DIS_VX10"
"SL_DIS_VX11",0.298595266876267,-0.115413444832806,7.59323686865714,2.35702875028276,"SL_DIS_VX11"
"SL_DIS_VX12a",0.186146675553787,-0.627832715839859,7.62589631816715,2.54690697540191,"SL_DIS_VX12a"
"SL_DIS_VX13a",-0.164430619596188,-0.602032685995508,7.40297016306427,2.58875106673228,"SL_DIS_VX13a"
"SL_DIS_VX14",0.287861633431328,0.0639241107007084,7.41955599540292,3.25402032617946,"SL_DIS_VX14"
"SL_DIS_VX15",-0.058161638819876,1.35433479941655,7.37695606903957,2.38821993679196,"SL_DIS_VX15"
"SL_DIS_VX16",0.593440465263468,-0.785860398506033,6.95508601277843,3.23296318342848,"SL_DIS_VX16"
"SL_DIS_VX17a",-0.161726662584897,-0.654255394894603,6.61762170853513,1.99561139613029,"SL_DIS_VX17a"
"SL_DIS_VX18a",0.211229656058267,-0.910810424524344,6.749522395575,2.56092711216027,"SL_DIS_VX18a"
"SL_DIS_VX19",0.347975611514994,-0.549168994715769,7.41537138469154,1.91928728547606,"SL_DIS_VX19"
"SL_DIS_VX1b",-0.300581694486535,-0.171663206235316,7.11711689200669,2.08951286918016,"SL_DIS_VX1b"
"SL_DIS_VX20a",-0.217094306892777,-0.254656396511219,7.6689818377247,1.8933968241305,"SL_DIS_VX20a"
"SL_DIS_VX21",0.124084653770564,0.969796064732507,7.25982050361956,2.52747338272386,"SL_DIS_VX21"
"SL_DIS_VX22b",-0.296665349226263,1.09730156224413,7.47502591349639,1.92279556896126,"SL_DIS_VX22b"
"SL_DIS_VX23",0.0566948218890201,-0.794161924288493,7.37812045102472,2.27311393553006,"SL_DIS_VX23"
"SL_DIS_VX24a",0.114250909674823,-0.998685823481158,7.66279179031666,1.80591564664396,"SL_DIS_VX24a"
"SL_DIS_VX25a",0.0247899981751003,-0.781628251729946,7.76512779957571,1.91484091244008,"SL_DIS_VX25a"
"SL_DIS_VX26a",-0.0990965666107728,0.0587088954523681,7.61415158767797,2.27600052065507,"SL_DIS_VX26a"
"SL_DIS_VX27a",0.372953234728943,-0.554450624414288,7.88029101509153,1.97494237940813,"SL_DIS_VX27a"
"SL_DIS_VX28",0.480361985816543,1.78890971454933,7.01625394156548,1.45611608590681,"SL_DIS_VX28"
"SL_DIS_VX29",0.103669010946994,-1.3013333232813,7.46039027148896,3.16200777029798,"SL_DIS_VX29"
"SL_DIS_VX2a",-0.457476838201395,-0.180809512157163,7.43376724587854,1.87399792206304,"SL_DIS_VX2a"
"SL_DIS_VX30a",0.312002543576624,-0.494858948528052,7.47840953659176,2.31206537312268,"SL_DIS_VX30a"
"SL_DIS_VX3a",-0.510028995507636,-0.789678236261184,7.01210241972212,2.66924075196949,"SL_DIS_VX3a"
"SL_DIS_VX4b",0.18295751334482,-0.832920046516446,7.59070877324659,2.87066424857923,"SL_DIS_VX4b"
"SL_DIS_VX5",0.360006928347646,-1.11895020867391,8.30881926500678,3.01491689182924,"SL_DIS_VX5"
"SL_DIS_VX6",0.128533538139465,0.758444123778333,7.57849982274118,1.75919831106287,"SL_DIS_VX6"
"SL_DIS_VX7a",-0.65162716653573,-0.305994898005997,7.41637331130041,2.67274198283186,"SL_DIS_VX7a"
"SL_DIS_VX8",-0.027039894537494,0.160932631038256,7.2408646986178,2.50167097594747,"SL_DIS_VX8"
"SL_DIS_VX9a",-0.0788532250014046,-0.215728555495642,8.03011123971665,1.76229105359975,"SL_DIS_VX9a"
"SL_FER_VX10a",-0.955383640100975,0.702486762424048,7.39293434835685,2.3455088356012,"SL_FER_VX10a"
"SL_FER_VX11",-0.809564171398254,1.10113961724289,7.21522441253631,1.93560846273465,"SL_FER_VX11"
"SL_FER_VX12b",-1.04346888350661,0.697472652874612,7.32641542050381,2.1653967448273,"SL_FER_VX12b"
"SL_FER_VX13",-1.52274943413788,2.43876732598244,7.19528327140186,3.56366179105225,"SL_FER_VX13"
"SL_FER_VX14b",0.174069271707413,1.92385959098054,6.85086687266807,2.20917090239766,"SL_FER_VX14b"
"SL_FER_VX15c",-0.520397077407462,-0.654929861510146,6.96893296185369,3.70724952619389,"SL_FER_VX15c"
"SL_FER_VX16a",-0.175231871090686,-1.20174388468766,7.15352169958102,2.16771364944868,"SL_FER_VX16a"
"SL_FER_VX17b",-0.329012019025315,-0.643191479281294,7.00966392083479,3.05379639393865,"SL_FER_VX17b"
"SL_FER_VX18a",-0.740192150006463,-0.402278929391421,7.06596834605943,3.22006076663023,"SL_FER_VX18a"
"SL_FER_VX19a",-0.659923078805593,-0.168672217268188,6.99171889109465,2.56536279363969,"SL_FER_VX19a"
"SL_FER_VX1a",-0.0921892865740463,-0.317457757999041,6.53949518297918,2.88886341771228,"SL_FER_VX1a"
"SL_FER_VX20",-0.4260955622385,-0.713211001138244,7.26141863843491,2.1313776640402,"SL_FER_VX20"
"SL_FER_VX21a",-0.801585724261348,-0.182578636593415,7.13388976334116,2.07598760933589,"SL_FER_VX21a"
"SL_FER_VX22a",-0.401150332197952,-0.531466658154621,7.08041766632927,2.13810527806659,"SL_FER_VX22a"
"SL_FER_VX23b",0.0614490717350786,1.0986482301096,6.91494281533468,1.66168393005479,"SL_FER_VX23b"
"SL_FER_VX24a",0.110246103976539,-0.551777295336573,6.81715608419293,1.63205104872126,"SL_FER_VX24a"
"SL_FER_VX25a",-0.848255588425332,0.554267207134722,7.13649655623811,3.39617880810056,"SL_FER_VX25a"
"SL_FER_VX26b",-0.293488665586102,-0.895979329369055,6.960969652346,2.07544016710011,"SL_FER_VX26b"
"SL_FER_VX27b",-0.87413805793972,0.709597019820165,7.06992182177644,2.28257670688785,"SL_FER_VX27b"
"SL_FER_VX28",-1.1608005416251,1.32585927810287,6.63574091953444,2.7958914249305,"SL_FER_VX28"
"SL_FER_VX29a",-0.322643141575496,-1.46711886675534,7.17488411531398,4.47366074362581,"SL_FER_VX29a"
"SL_FER_VX2a",-0.674244501902484,-0.477351128725304,7.13056532299109,3.73265940377456,"SL_FER_VX2a"
"SL_FER_VX3",-1.00284668264878,0.604286877295233,7.05751724415695,3.07947074767378,"SL_FER_VX3"
"SL_FER_VX30b",-0.480011943228943,-1.07447864436022,7.03632392235537,2.70258517791752,"SL_FER_VX30b"
"SL_FER_VX4b",0.0213740133967264,-0.675593622712955,6.95638088037036,2.44117666729559,"SL_FER_VX4b"
"SL_FER_VX5",-0.884325316422083,0.390381794918805,7.88654330923587,2.53511998948896,"SL_FER_VX5"
"SL_FER_VX6a",-0.851280312803671,-0.0242612765429783,7.39798056533992,2.90796176241017,"SL_FER_VX6a"
"SL_FER_VX7",0.155453450592913,1.03533588726499,6.81592650107838,1.70714246156415,"SL_FER_VX7"
"SL_FER_VX8",-0.619519576520674,-0.721992597988696,7.01639979112561,3.69251008476882,"SL_FER_VX8"
"SL_FER_VX9",-0.80487123702408,1.1681195637636,7.42762257917615,2.32743750487217,"SL_FER_VX9"
"SL_HAP_VX10a",0.189274063949682,-1.00407333873481,7.61155748311774,2.006596080666,"SL_HAP_VX10a"
"SL_HAP_VX11a",0.161983674064757,-0.992915905595103,7.16216732926099,2.95430216799339,"SL_HAP_VX11a"
"SL_HAP_VX12",0.146837892672066,-0.783122157873804,7.31747357194631,3.03688728841475,"SL_HAP_VX12"
"SL_HAP_VX13",-0.259746733607511,-1.43601024772247,7.33567539246285,2.57567464826123,"SL_HAP_VX13"
"SL_HAP_VX14a",0.405071290319258,-1.09863613955215,7.00617895290637,3.31549696701029,"SL_HAP_VX14a"
"SL_HAP_VX15",-0.435780726186087,-0.382360711166841,7.28279315459528,2.8339684996247,"SL_HAP_VX15"
"SL_HAP_VX16a",0.396190379952017,-1.00531175197035,7.30465461458148,3.23241473060912,"SL_HAP_VX16a"
"SL_HAP_VX17a",0.0144493717210897,-0.68144313904187,7.11746537843409,2.10294559789536,"SL_HAP_VX17a"
"SL_HAP_VX18a",0.982744361068343,-0.223685623977342,6.9743819398269,4.265990070525,"SL_HAP_VX18a"
"SL_HAP_VX19a",0.099997378922391,-1.29755985208248,7.17392365239414,2.65420101181834,"SL_HAP_VX19a"
"SL_HAP_VX1b",-0.687015939233328,-0.872340655632439,6.62736782194537,2.49378655185631,"SL_HAP_VX1b"
"SL_HAP_VX20a",0.224918328299941,-1.1373777124334,7.14924585647193,1.92641669819906,"SL_HAP_VX20a"
"SL_HAP_VX21",-0.144729309815289,-1.13551944910887,6.93414632177027,2.04655967968041,"SL_HAP_VX21"
"SL_HAP_VX22b",0.522105319816809,-0.605756556569415,7.13290760915474,2.58237694815444,"SL_HAP_VX22b"
"SL_HAP_VX23c",-0.201486524132861,-1.22546134628603,7.20780377526905,2.33510529405018,"SL_HAP_VX23c"
"SL_HAP_VX24",-0.332327724173861,0.0719787655782354,7.45594219004891,2.8389908144478,"SL_HAP_VX24"
"SL_HAP_VX25b",0.114473061608922,-1.23391036801191,7.33969211551227,2.20031585999084,"SL_HAP_VX25b"
"SL_HAP_VX26a",-0.131078830491794,-0.52872926665337,7.26003102148052,2.62934761351195,"SL_HAP_VX26a"
"SL_HAP_VX27a",-0.2926215877977,-0.908443764494688,7.59916063148364,2.68569789883083,"SL_HAP_VX27a"
"SL_HAP_VX28a",-0.353819919704312,-0.871098733737815,7.04243182798221,2.42401299169164,"SL_HAP_VX28a"
"SL_HAP_VX29b",-0.0826701992869564,-0.600343356744317,7.36534752521596,1.9864142787375,"SL_HAP_VX29b"
"SL_HAP_VX2b",-0.517683382934187,-0.0344958545457501,7.23425634234831,2.31003954999466,"SL_HAP_VX2b"
"SL_HAP_VX3",-0.260855902179248,-1.03297500016891,7.07745534623256,2.07640397522341,"SL_HAP_VX3"
"SL_HAP_VX30",-0.454297673195891,-0.321128963332511,7.26626554428535,3.08677001147161,"SL_HAP_VX30"
"SL_HAP_VX4a",-0.001758806501712,-1.42321932819782,7.26237232976761,2.43977128168016,"SL_HAP_VX4a"
"SL_HAP_VX5",-0.163904521482639,-1.13900137994368,7.89001070581788,2.77783234151643,"SL_HAP_VX5"
"SL_HAP_VX6a",-0.0595674627084277,-1.41556624942802,7.21281360674829,2.41842903040936,"SL_HAP_VX6a"
"SL_HAP_VX7",-0.161392196676304,-1.33285529329176,7.25647858570261,2.9451546782233,"SL_HAP_VX7"
"SL_HAP_VX8a",-0.619662774323647,0.289863335168239,7.22245748601446,2.95120997664991,"SL_HAP_VX8a"
"SL_HAP_VX9",-0.476977233427588,0.663163926709337,7.68907646193523,2.30625220042411,"SL_HAP_VX9"
"SL_NEU_VX1",-0.5998937896694,0.618641648218922,6.60084519992588,2.35803721466025,"SL_NEU_VX1"
"SL_NEU_VX10a",0.814179890704602,-0.0582399135652949,7.45047588954277,2.58205228001676,"SL_NEU_VX10a"
"SL_NEU_VX11",0.114155488771755,-0.972853140264092,7.125065204497,2.28588778947735,"SL_NEU_VX11"
"SL_NEU_VX12",0.58712775237778,-0.625633269708394,7.2147568644935,3.02768658578623,"SL_NEU_VX12"
"SL_NEU_VX13",-0.178665626519512,-1.13479563224427,6.96386623663576,2.4051683022706,"SL_NEU_VX13"
"SL_NEU_VX14",0.396493076659334,-0.744716959774761,6.94516129183853,3.24140696311186,"SL_NEU_VX14"
"SL_NEU_VX15a",0.816513569915134,1.29153374318055,7.24580384026838,2.18336777269529,"SL_NEU_VX15a"
"SL_NEU_VX16",0.348077554621484,-0.976914123724117,6.81624804335089,2.57506642305873,"SL_NEU_VX16"
"SL_NEU_VX17",-0.0526702577100044,-0.927481527085924,7.01229687211683,2.03892026866172,"SL_NEU_VX17"
"SL_NEU_VX18b",0.302904328340532,-1.33393508181114,6.88190026979204,3.2560133069027,"SL_NEU_VX18b"
"SL_NEU_VX19",0.492049658619283,-1.03705372772597,7.19646767444281,2.23517169100071,"SL_NEU_VX19"
"SL_NEU_VX2",0.469663128209974,-0.677035657832352,7.15776267105298,2.27540479933743,"SL_NEU_VX2"
"SL_NEU_VX20a",0.0268045951040779,-0.228720376431402,7.19856575164861,2.05226336519167,"SL_NEU_VX20a"
"SL_NEU_VX21",-0.742866447574467,-0.0266399646493705,7.03364420798402,2.06399426452762,"SL_NEU_VX21"
"SL_NEU_VX22a",-0.225673156865403,-0.714662886812835,7.02948627458716,2.61244933869801,"SL_NEU_VX22a"
"SL_NEU_VX23",-0.524785590310206,-0.608810754569045,7.08351276565837,2.60093512442614,"SL_NEU_VX23"
"SL_NEU_VX24a",0.361051692928407,0.407579646418353,7.18091430177148,1.84864680408521,"SL_NEU_VX24a"
"SL_NEU_VX25",0.75950724163282,0.693640794917608,7.29772187459838,2.49712275499081,"SL_NEU_VX25"
"SL_NEU_VX26",0.148675795859931,-0.757451303587429,7.44435706955665,2.47336769565084,"SL_NEU_VX26"
"SL_NEU_VX27a",0.197723942031378,-0.869953547890438,7.40349766329424,2.5713204469982,"SL_NEU_VX27a"
"SL_NEU_VX28",0.619967144795364,0.200753224920321,7.05095329505301,2.54616236628812,"SL_NEU_VX28"
"SL_NEU_VX29",0.248008763717881,-1.06542267885523,7.11503178510513,2.44304323930665,"SL_NEU_VX29"
"SL_NEU_VX3",-0.766747671130831,1.8129078894294,6.46393327452446,2.23343279410421,"SL_NEU_VX3"
"SL_NEU_VX30",-0.0595904487310749,-0.607109847662917,7.14930154716413,2.9575878564117,"SL_NEU_VX30"
"SL_NEU_VX4",-0.386773001290129,-1.27748722733143,7.00541119663124,2.65644370347428,"SL_NEU_VX4"
"SL_NEU_VX5",-0.00282231162242182,-0.467519788285972,7.87304711169261,3.06873142074341,"SL_NEU_VX5"
"SL_NEU_VX6a",-0.351697276429364,-1.05628163763956,7.07515354981078,2.3200502829033,"SL_NEU_VX6a"
"SL_NEU_VX7",0.254871274786917,-0.975505223067662,6.76612279707031,2.30572488659756,"SL_NEU_VX7"
"SL_NEU_VX8",0.176328908110781,-0.904460142785331,7.23117347154575,2.38135972073199,"SL_NEU_VX8"
"SL_NEU_VX9",0.309970072327688,-0.583573164845401,7.6883411612846,2.06783487727628,"SL_NEU_VX9"
"SL_SAD_VX10a",-0.621265031064382,1.12985738166045,7.39790575604322,1.35592837332425,"SL_SAD_VX10a"
"SL_SAD_VX11",0.287080408881423,-0.694880310434695,7.40703009919193,1.23759153988519,"SL_SAD_VX11"
"SL_SAD_VX12a",-0.159651644824622,-0.483667687521276,6.90246042293069,1.68637050576439,"SL_SAD_VX12a"
"SL_SAD_VX13",0.0450500144492127,0.786726954253947,6.96182395138498,1.51450887320264,"SL_SAD_VX13"
"SL_SAD_VX14",0.225646148894458,-1.03950529236421,6.95221742804464,1.09940603828085,"SL_SAD_VX14"
"SL_SAD_VX15",-0.242448570837438,1.02488078846451,7.33625969884524,1.44761501802633,"SL_SAD_VX15"
"SL_SAD_VX16b",0.398255041225607,-0.249581100865957,7.35371872031794,1.42922700764527,"SL_SAD_VX16b"
"SL_SAD_VX17",0.0415630840998941,-0.953841417141139,7.12486655321452,1.67401217545565,"SL_SAD_VX17"
"SL_SAD_VX18b",0.501053880770721,-0.579413940041015,7.00672887181554,1.61660235475963,"SL_SAD_VX18b"
"SL_SAD_VX19",-0.409442624610902,-1.50373873522331,7.34280801291,5.05954090731602,"SL_SAD_VX19"
"SL_SAD_VX1a",-0.0501281630842863,-0.827785778405226,6.59642708581846,1.33668428374152,"SL_SAD_VX1a"
"SL_SAD_VX2",-0.589267046481844,0.0679870707439556,7.58788238358682,1.5399708677699,"SL_SAD_VX2"
"SL_SAD_VX20",-1.43652113860164,2.85044979172118,7.47262747959068,3.04619910009089,"SL_SAD_VX20"
"SL_SAD_VX21",0.154093971616822,0.0922263349729495,7.36288538239016,1.45404503098176,"SL_SAD_VX21"
"SL_SAD_VX21a",-0.320448605243771,-0.0236834176238488,7.35535238049812,1.02309255921875,"SL_SAD_VX21a"
"SL_SAD_VX22a",0.242289619222292,0.211804625111971,7.48821751605473,1.35383261625558,"SL_SAD_VX22a"
"SL_SAD_VX23",-0.499045743469986,0.0425408852670071,7.52523359391069,1.78391096710745,"SL_SAD_VX23"
"SL_SAD_VX24",1.00609206618387,1.57061401105482,7.46485759147358,1.24156340257091,"SL_SAD_VX24"
"SL_SAD_VX25",-0.207498568794482,-0.666694002845023,7.44803618947253,1.38523543992483,"SL_SAD_VX25"
"SL_SAD_VX26a",-2.06150225388145,6.64372517204017,7.46623993940535,1.96850842301276,"SL_SAD_VX26a"
"SL_SAD_VX27a",0.791366410053543,1.47515219471707,7.71056280888984,1.39405605370339,"SL_SAD_VX27a"
"SL_SAD_VX28",-1.99892000144861,4.10108882998609,7.04050166648625,1.34641580531428,"SL_SAD_VX28"
"SL_SAD_VX29",0.451892542932715,0.0627487282706071,7.3540855365396,1.36978870933065,"SL_SAD_VX29"
"SL_SAD_VX3",-0.0123623448584716,-1.65408203030282,7.15672559356414,1.15628967797888,"SL_SAD_VX3"
"SL_SAD_VX30",0.0035850867570242,-0.0252459576519365,7.02992626154601,1.44943541275213,"SL_SAD_VX30"
"SL_SAD_VX4",0.965367379003975,1.1566005131806,7.58925095807474,1.28691144164761,"SL_SAD_VX4"
"SL_SAD_VX5a",0.293830099804298,-0.612185693389767,8.05150580351084,1.35399300608788,"SL_SAD_VX5a"
"SL_SAD_VX6a",0.642782679743551,0.371973799575295,7.5214131034037,1.08180440602547,"SL_SAD_VX6a"
"SL_SAD_VX7",-0.198543614018158,-0.950685876450084,7.30776843977746,1.77711950295262,"SL_SAD_VX7"
"SL_SAD_VX8",-0.597348056372013,0.155849667968106,7.4872219808516,1.72552613952917,"SL_SAD_VX8"
"SL_SAD_VX9a",-0.00464512747007204,0.179591939518877,7.85561892998205,1.16440579574185,"SL_SAD_VX9a"
"SL_SUR_VX1",0.715910401986646,-0.486655198742496,6.78640575601767,6.2738594622383,"SL_SUR_VX1"
"SL_SUR_VX10",0.511628080567655,-0.514708923994837,7.03440351207649,5.83499635494,"SL_SUR_VX10"
"SL_SUR_VX11a",0.211189506685955,-1.32117981584419,7.29493291585506,5.10604198694046,"SL_SUR_VX11a"
"SL_SUR_VX12b",0.29979803522134,-0.82889838650785,7.44915576170094,5.41400680564559,"SL_SUR_VX12b"
"SL_SUR_VX13b",-0.10495399131007,-0.486414917510237,7.14935630105512,5.01695436298148,"SL_SUR_VX13b"
"SL_SUR_VX14b",-0.174692256884763,0.189928324484261,7.11063027815595,4.51403276943426,"SL_SUR_VX14b"
"SL_SUR_VX15",0.0641386091950225,-1.08255750344557,7.28673767834194,5.67411590587525,"SL_SUR_VX15"
"SL_SUR_VX16",0.0544711848792731,-1.09865511279348,7.17737953155112,7.5513289974613,"SL_SUR_VX16"
"SL_SUR_VX17a",-0.332445980291709,-0.640908195615984,6.77949310828164,6.06258992656085,"SL_SUR_VX17a"
"SL_SUR_VX18b",-0.282704529453538,-0.750749224282134,6.77799756733301,6.45428546314276,"SL_SUR_VX18b"
"SL_SUR_VX19",0.0113656846721719,-0.515347557237775,7.09875359900346,5.17306510749369,"SL_SUR_VX19"
"SL_SUR_VX20",-0.314942438940496,-0.0773053679702851,7.44938539137798,5.0982855491711,"SL_SUR_VX20"
"SL_SUR_VX21a",0.297197252781222,-0.564903195395315,7.1709635522905,5.37227946439647,"SL_SUR_VX21a"
"SL_SUR_VX22a",-0.0400340221346398,-1.06304848438244,7.1678712034221,6.62245756471315,"SL_SUR_VX22a"
"SL_SUR_VX23a",0.319855745945895,-0.191813488614714,7.29603812306585,5.38421943720082,"SL_SUR_VX23a"
"SL_SUR_VX24a",0.520867092843741,0.715122861368722,7.21215393203616,3.6187800567897,"SL_SUR_VX24a"
"SL_SUR_VX25b",-0.477913441426411,0.23283880905034,7.31462944944964,4.01918846890534,"SL_SUR_VX25b"
"SL_SUR_VX26b",-1.45996820257952,2.93208821053379,7.47954483875369,4.18591484910246,"SL_SUR_VX26b"
"SL_SUR_VX27b",-0.426687972074241,0.763750459692326,7.47972597454668,4.14744876535761,"SL_SUR_VX27b"
"SL_SUR_VX28",-0.0297490832018962,-0.73241897380845,7.04274995375412,5.71648594882332,"SL_SUR_VX28"
"SL_SUR_VX29b",0.152877146097267,-0.109046135843569,7.42639258072459,5.84722532297522,"SL_SUR_VX29b"
"SL_SUR_VX2b",0.0073248689639644,-0.816108182873502,7.23287846628471,6.47754476390954,"SL_SUR_VX2b"
"SL_SUR_VX3",0.161270537721554,-1.33785548223933,6.65048230630103,5.88734997900599,"SL_SUR_VX3"
"SL_SUR_VX30",0.342738342215281,-0.139707369531316,7.12780562786745,5.76671673613109,"SL_SUR_VX30"
"SL_SUR_VX4",0.174893431774314,-1.55239364121649,7.15934935554454,7.59009566956254,"SL_SUR_VX4"
"SL_SUR_VX5a",-0.273300987283399,0.244361246135042,7.93433280932711,4.4507502909286,"SL_SUR_VX5a"
"SL_SUR_VX6a",-0.107827164020525,-0.646864676674363,7.21276305911201,6.16891556293442,"SL_SUR_VX6a"
"SL_SUR_VX7b",0.297897506939462,-1.10030852167444,7.20042888394062,7.02847058215911,"SL_SUR_VX7b"
"SL_SUR_VX8",-0.00653966686624829,-1.18980373917275,7.34119919727297,6.12947347602376,"SL_SUR_VX8"
"SL_SUR_VX9",0.307696603536655,-0.360738515935811,7.75529811090821,5.32581783173633,"SL_SUR_VX9"
